,category,title,instructor,price,numoflectures,rating,review_writers,reviews,urls
1,웹개발,워드프레스+쇼핑몰 4시간 속성 마스터 - 원데이클래스,파워러닝,"176,000원",총 1회 4시간,5,['블투라군'],['강좌 감사히 잘 들었습니다. 제가 궁금했던 부분들에 대해 자세히 다 알려주셔서 앞으로 워드프레스 업데이트 잘 받아야 겠네요. 그리고 우커머스도 핵심 기능만 사용해도 충분한 것을 알게 됐습니다. 테마 선택 사항도 몰랐던 부분을 알게 되어서 도움이 되었습니다. 감사합니다!'],https://taling.me/Talent/Detail/5474
2,웹개발,워드프레스로 홈페이지 - 쇼핑몰 - 포트폴리오 제작하기,hansol lee,"210,000원",총 1회 3시간,4.9,"['쩌니', '김현정', '김나령', '송용진', '신민재']","['너무 친절하고 좋으셨어요 :) 도움 많이 받았습니다!', ""선택한 테마 문제도 있어고 개인 사정도 있어서 4번에 걸쳐 수업 마무리 했는데 한솔튜터님 수업 진짜 감동이에요ㅎ 저는 워드프레스 혼자 할 수 있겠지라고 생각하고 호스팅, 도메인 구입하고 유료테마까지 야심차게 골라서 설치했는데 거기서부터 막혀서 고민하다가 수업 신청했거든요. 그래서 초기 세팅은 지나가고 튜터님이랑 같이 애증의 테마 탐색하면서 진행했어요. 처음에 온라인으로 진행하는거라 걱정했는데 화면공유하면서 따라하는 형식으로 해서 충분했구요. 수업 끝나면 영상 보내주시니까 그거 보면서 복습 가능합니다. 힌솔 튜터님 최대 장점은 수업 후에도 최대한 저 스스로 운영할 수 있도록 알려주세요. 제 테마가 예쁜데 어설픈 이상한 테마여서 코드로 수정했었는데 그 전에 제일 간단하고 효율적인 방법이 없나 고민하고 코드의 경우도 어떤식으로 진행된건지 설명하면서 입력하니까 전혀 어렵지 않고 재밌습니다. 그리고 사이트 제작 경험이 많으셔서 그런지 제가 원하는 목적, 방향에 맞게 분위기, 배치, 폰트같은 디자인 요소도 같이 고민해주셔서 좋았어요.(전 '그냥 냅둬도 괜찮을것 같아요' 라고 슬쩍 포기하려 했는데 튜터님이 더 세심 꼼꼼ㅎㅎ) 어제 마무리하고 보는데 진짜 너무 마음에 들고 수업 듣기 정말 잘한거 같아요!"", '워드프레스를 난생 처음 들어서 막막했는데 그런 사람들도 어려움없이 잘 따라오도록 가르쳐주십니다. 워드프레스에 대해 아예 모르는데 사이트를 만들어야 하시면 강력 추천합니다. 문외한인 저도 멋진 포트폴리오 사이트를 제작했습니다 ㅎㅎ\n강의 끝나고 혼자 하다가 모르는 부분이 있어 질문했는데 그 질문도 친절하고 빠르게 답변해주셔서 도움이 많이 됐습니다.\n저는 홈페이지를 한번 더 제작할 일이 생겨도 다시 한번 꼭 들을 것 같아요.', '정말 친절하게 알아듣기 쉽게 설명해주셔서 기억에 많이 남았습니다. 홈페이지 작업의 전반적인 과정에 대해서도 잘 알게 되었습니다. 완성도를 위해서 조금이라도 더 알려주실려고 노력해주셔서 덕분에 홈페이지 잘 만들게 되었습니다. 강사님께 정말 감사하고 다른 분들에게 강추합니다!!!', '선생님이 상세히 설명도 잘해주시고 질문하나하나 잘 얘기해주셔서 좋았어요~ 수업들으니 아무것도 모를때보다 개념이 잡히고 차근차근 할 용기가 생깁니다~']",https://taling.me/Talent/Detail/2636
3,웹개발,쌀 팔다 6개월만에 개발자 된  비법,Byungwook  Kim,"30,000원",총 1회 3시간,4.9,"['임승환', '이준호', '이도이', '차예은', '헐크']","['친절하게 잘 도와주셨어요.^^', '망설이시거나 고민되시는 분들은 꼭 들으시길 바랍니다.', '개발자로서 커리어를 준비중이신 분들께 꼭!!!! 추천합니다ㅎㅎ 망설이지 말고 꼭 들어보세요!!!!', '개발과 전혀 상관없는 인문학을 공부하고 있는 대학생입니다. 제가 공부하고 있는 것이 확실한 직업과 연결되는 전공은 아니어서 진로 관련해서 고민이 많았습니다. 그렇게 오랫동안 진로 고민을 하던 와중에 IT라는 분야가 눈에 들어왔습니다. 주변 사람들의 추천도 있었고 여러 광고를 통해서도 IT라는 분야에 관심을 갖게 되었습니다. 그래서 마음을 먹고 준비하고자 정보를 찾아보니 인터넷 속에 정보가 정말 많다는 것을 알게되었습니다. 하지만 아이러니하게도 정보가 너무 많다보니 어떤 것을 어떻게 선택하고 어디서부터 시작해야할지 참 막막했었습니다. 그렇게 이런저런 정보를 찾다가 튜터님의 강의를 발견하고 아 이거다! 라는 생각에 바로 신청을 했습니다. 수업 전부터 기대를 많이 했었는데 기대 그 이상으로 많은 도움이 되었던 수업입니다. 개발자가 되는 비법에 대해 A부터Z까지 들을 수 있었던 정말 알찼던 수업이었습니다. 개발자라는 직업에 대해 망설임이 있었던 마음이 강의 덕분에 확신으로 변할 수 있었고 튜터님의 강의를 바탕으로 차근차근히 잘 준비해보면 될 것 같다는 생각이 들었습니다. 개발자라는 직업에 대해 관심을 막 가지게 되신 분이라면 꼭 들어보시길 강추드립니다!', '학교는 건축공학과를 나왔고 건축 일을 하다가 나와의 적성과 일이 마음에 들지 않아 현재는 전혀 전공과 다른 직업으로 일을 하고 있습니다. 그러다 서점에 들러 여러 IT개발서적을 보게 되었고 이와 관련된 직업이나 어떠한 일을 함에 있어서 이제는 IT라는 분야는 우리 삶의 깊숙히 들어와 있다 생각하고 있었습니다. 그리고 나도 과연 IT개발자라는 직업을 할 수 있을까 라는 생각을 하게 되었고 우연히 탈잉에서 저와 비슷하게 다른 분야에서 빠르게 6개월만에 개발자 된 비법 강의를 보게 되었습니다. 저는 그 과정이 매우 궁금 했으며 꼭 들어봐야 한다고 생각을 하고 결정을 하게 되었습니다. 강의를 듣고나서 제 결정이 틀리지 않았다는 생각을 하였고 저와 같이 IT개발자라는 직업을 어떠한 과정으로 그것도 매우 빠르고 정확하게 해야 하는지를 알려주셔서 저한테는 너무나 큰 도움이 되었습니다. 인터넷에는 정말 많은 정보가 있음에도 불구하고 그것이 맞는지 틀린지를 정확히 알기 어렵고 신뢰가 가지 않아 받아 드리는게 매우 힘들었고 주위에 IT개발자로 일을 하고 있는 사람이 전혀 없기에 저한테는 매우 도움되는 강의 였다고 생각합니다. 요즘 많은 IT개발자에 대한 강의학원이나 사이트가 있는데 결코 작은 돈도 아니고 큰 돈으로 배움이라는 것을 선택하고 인생에 있어서 매우 귀중한 시간을 소비하게 되는데 그 전에 ""쌀 팔다 6개월만에 개발자 된 비법"" 강사님의 강의를 먼저 들어보시는 것을 강력하게 추천 드립니다. 저는 이제 어떠한 준비를 해야 하고 언제 시작을 해야 하고 어떻게 해야 하는지를 알게 되었기에 강사님에게 정말 감사드린다는 말씀 드립니다. 앞으로도 지금 처럼 좋은 강의를 만들어 주시면 감사하겠습니다. ^^ 항상 건강하시고 앞으로 궁금한거 있으면 자주자주 물어보도로 하겠습니다.^^ 감사합니다. 강사님']",https://taling.me/Talent/Detail/14945
4,웹개발,"html,css기초를 끝냈으면 페이지를 만들어보세요(코딩,퍼블리싱)",배가영,"264,000원",총 4회 8시간,5,['조은지'],"['최고의 1:1 수업입니다! 저는 코딩을 안다고 생각해왔지만, 늘 부족함을 느꼈었어요. 가영쌤의 맞춤 과외를 받고 나니 속이 다 시원하네요! 넘넘 감사합니다!']",https://taling.me/Talent/Detail/33286
5,웹개발,"주에 2시간씩만 투자해서 html&css 퍼블리싱에 도전해보세요!(코딩,웹페이지제작)",배가영,"220,000원",총 4회 8시간,0,['-'],['-'],https://taling.me/Talent/Detail/31240
6,웹개발,비전공자를 위한 프론트엔드(React)/퍼블리싱 수업! - 개발 아는 디자이너가 되어보자!,이정윤,"202,400원",총 4회 8시간,0,['-'],['-'],https://taling.me/Talent/Detail/7481
7,웹개발,워드프레스 4시간 속성 마스터 - 원데이클래스,파워러닝,"176,000원",총 1회 4시간,4.6,['Dic JW'],['수업에 만족합니다.\n자세하게 설명해주시고 수업 가격도\n적정한것 같습니다'],https://taling.me/Talent/Detail/20250
8,웹개발,워드프레스 기초부터 쇼핑몰까지 5시간 클래스,파워러닝,"220,000원",총 1회 5시간,5,['육영서'],['워드프레스에 대하여 전반적으로 알 수 있었고 재미있게 알려주셔서 잘 배울수 있었습니다. 최신테마와 기획하는 방법들에 대한 팁도 알 수 있어 도움이 되었습니다.\n좋은수업 감사합니다^^'],https://taling.me/Talent/Detail/22937
9,웹개발,"웹, 서버, 데이터베이스를 혼자서 개발 가능하도록 해드립니다!",홍정민,"176,000원",총 4회 8시간,0,['-'],['-'],https://taling.me/Talent/Detail/16151
10,웹개발,개발을 전혀 몰라도 개발자로 만들어 드립니다. 가능합니다.,홍정민,"240,000원",총 6회 12시간,0,['-'],['-'],https://taling.me/Talent/Detail/26355
11,웹개발,[컴맹가능] 나만의 웹사이트 만들어 호스팅하기 [WEB/HTML/CSS],이정환,"192,000원",총 4회 12시간,0,['-'],['-'],https://taling.me/Talent/Detail/35881
12,웹개발,단 하루만에 다 배우는 퍼블리싱! / 디자이너의 퍼블리싱 / 퍼블리셔로 취업하기,홍진우,"360,000원",총 4회 12시간,5,"[':-)', '유경', '김규남', '박서아', '정재훈']","['국비 지원 학원을 다니고 취업에 어찌저찌 성공했지만 생각보다 회사를 다니기에 어려움이 있어 혼자 공부를 하다가 튜터님의 강의를 듣게 되었습니다 일단 1대1 수업에 제가 어느정도 수준인지 알고 가르쳐주셔서 처음엔 쵸큼 민망?! 했지만 엄청 편하고 좋았습니다 부족한 부분을 쏙쏙 알려주시는게 좋았고 회사 다니신 경험을 바탕으로 팁도 많이 주셨습니다!! 덕분에 새로 취업하여 잘 다니고 있고 회사다니면서 가끔 궁금한점 물어봐도 답변 친절하게 잘 해주십니다 ㅎㅎ 정말 최고에용 ㅋㅋㅋ 솔직히 지금 드는 생각은 국비로 다니는건 시간이 아까웠다는 생각이 드네요 ㅠㅠ 아무튼 진짜 좋았습니당 ~~', '웹디자이너인데 좀더 심도있는 코딩을 배우고자 신청하게 되었어요. 개념정리부터 제대로 잡아주시고 실습을 통해 실질적으로 실력이 늘 수 있게 진행해주셨고 학원가서 배우는 것 보다 훨씬 실무적으로 도움되는 강의였습니다.', '안녕하세요.\n수업 배운 학생입니다. 단기간내로\n디자이너가 코딩 배우기에는 너무 적합한 수업이였어요. 프로세스도 잘 갖춰져있고\n일대일 수업방식에서 디테일하게 잘 설명해주셔서 실무에서도 유용하게 잘 쓰일거같아요\n잘알려주셔서 감사합니다', '친절하게 잘 알려주시구요! 궁금했던 부분들 정리해서 여쭤보고 답변도 잘 해주시구요!\n짧은 시간이지만 어떻게 활용하느냐에 따라\n수업의 질이 달라 질 것 같아요\n감사합니다.\n앞으로 궁금한게 생기고 한다면 연락 또 드릴게요☺️', '퍼블러셔를 희망하시는 취준생 및 이직 준비생 그리고 디자이너분들에게 꼭 추천 드리는 강의입니다.\n\n특히 튜터님께서 학생 눈높이에 맞추신 수업 준비 덕분에 저에게 필요했던 많은 부분들을 배워갈 수 있었던 시간이었습니다.\n\n또한 취준생이 어떤식으로 포트폴리오를 준비해야 하는지, 어느 방향으로 공부해야 하는지 친절하고 자세히 알려주셔서 취업을 준비하는데 있어서 많은 도움을 받았습니다.\n\n무엇보다 수업이 끝난 이후에도 포트폴리오 코드 리뷰를 통해 1회성이 아닌 수업 끝난 이후에도 방향성을 잡아주실 수 있어서 매우 감사했습니다.']",https://taling.me/Talent/Detail/22856
13,웹개발,전문가와 함께 '내 프로젝트'를 해결하면서 배우는 퍼블리싱(HTML+CSS+JQUERY),langbo,"193,600원",총 4회 8시간,4.9,"['변다영', '이현우', '지윤정', '최지환', '김유정']","['제가 지금 속성으로 배워야하는 것들을 알차게 알려주시고\n제가 원하는 소통 프로그램까지 맞춰서 진행해주셨습니다~~', '웹퍼블리셔 준비중인데 엄청 꼼꼼하시고 생각햇던것보다 너뮤 절ㅏ잘 알려주셔고 유익한 수업 이였습니다~!', '부족했던 부분, 처음알게된 부분 모두 수강내내 귀찮게 질문해도 친절히 하나하나 잘 알려주시고 개인포폴 준비하는데 정말 많은 도움받았습니다 감사합니다! 벌써 수업마지막이라니 아쉽네요ㅠㅠ 그동안 너무 고생하셨고 감사했습니다^^', '혼자 코딩하면서 모르는 부분들이 많아서 수업을 신청하게 되었는데 1:1로 진행되는 수업이다보니 설명도 제 수준에 맞게 친절하게 잘해주시고 항상 도움이 많이 되는 수업입니다!', '코딩이 처음이라 막막했는데 도움이 많이 됐어요~최대한 많이 알려주려고 하셨고 친절하서 좋았어요. 많이 알아갑니다!']",https://taling.me/Talent/Detail/9838
14,웹개발,20시간만에 웹퍼블리셔되기 (HTML5/CSS3/JS/Git),김태완,"264,000원",총 6회 12시간,5,"['박주영', '이예은', '백진희']","['웹퍼블리셔에 대한 기본 지식이 아무것도 없는 비전공자였는데, 기초이론부터 실무에서 사용하는 꿀팁들까지 많이 알려주셨습니다.\n따로 홈페이지를 만드는 과제도 해보고, 과제 중 어려운 부분에 대해서 여쭤보면 바로 답변주셔서 금방 터득할 수 있었어요!\n(홈페이지를 과연 만들 수 있을까 했는데 어찌저찌 만들어져서 매우 뿌듯...!)\n마지막 수업이 끝나고 난 뒤에는 이 후에 어떻게 공부하면 좋을지에 대한 꿀팁과 취업방향성에 대한 의견도 주셨습니다ㅠㅠㅠ감덩\n완전 아무것도 모르는 상태에서 가도 친절하게 잘 알려주시니, 저 같은 비전공자이신 분들에게는 적절한 수업인것같습니당:)\n6주라는 짧은 시간동안 많은 걸 배울수있어서 너무 알찬 시간이었습니다!', '수업을 신청하기 전에 비전공자 시점에서 강의를 진행하신다는 것을 보고 신청하게 됬어요~ 선생님께서 자료 준비도 많이 해오시고 수강자에 따라 필요한 기능들을 추가로 알려주시고\n도움될만한 팁을 많이 알려주셔서 좋았습니다. 알려주신 것을 기반으로 실제로 홈페이지를 계속 만들어나가야 실력이 좀 더 늘 것 같아요. 계속 쓰지 않으면 금방 까먹게 되더라구요. 짧은 시간 내에 많은 것을 하려니 시간이 촉박 하긴 했지만 그래도 홈페이지 내에서 수정하기 원하는 부분을 수정할 수 있게 되어서 만족합니다. 열정있는 선생님이니 배우고자 하는 의지에 따라 선생님께 많은 것을 배워갈 수 있어요. 추천합니다.', '코딩을 쌩판 몰랐었는데, 이 수업을 듣고 웹디자인에 재미를 느끼게 되었어요.!\n말그대로 비전공자의 눈높이에 맞춰서 html과 css를 배울 수 있게 기본 개념부터 차근차근 설명해 주셨는데, 어렵지 않게 웹디자인에 필요하고 중요한 기능들을 집어서 알려주셨어요.\n가장 좋았던 것은 10회 강의인데도 그 안에 스스로 웹사이트를 만들수 있도록 이끌어주셨고, 처음 배우는 비전공자가 알기 쉽게 충분히 설명하고, 매번 시범도 보여주셔서 더욱 이해하기 수월했습니다.\n\n튜터님이 ppt자료들을 아주 자세히 준비해오시고 간단한 설명후에\n직접 그자리에서 코딩을 배워볼수 있어서 매 수업을 들을때마다 아주 유익했어요! 모르는 것이 있으면 바로 피드백주셔서 덕분에 많은 것들을 배워갈 수 있었습니다. 예시같은 것도 직접 만들어서 나눠주시고, 마지막에는 웹디자인에 필요한 자료들을 한번에 모아서 보내주셨어요 정말 감사합니다~!~!!ㅠㅠ\n\n아 또한 회사웹사이트 이미지 관리라든지, 개인 웹사이트 만들기라든지, 개개인이 원하는 것에 맞춰서 성심성의껏 가르쳐주셔서 정말 많은 도움이 되었습니다.\n저처럼 코딩을 아예 모르지만, 웹디자인을 배워보고 싶고, 회사웹사이트를 직접 관리하고 싶은 분들께 추천합니다!!!ㅎㅎㅎ']",https://taling.me/Talent/Detail/11149
15,웹개발,비전공자를 위한 웹사이트 레이아웃 기초,Inkweon Kim,"110,000원",총 1회 4시간,5,"['서정연', '남선미', 'Jiyeong', '선정우', '주희']","['아무것도 모르는 입문자였는데 친절하게 설명해주셔서 좋았습니다. 기초부터 하나하나 알려주시고 궁금한점을 대화하면서 잘알려주셨습니다. 감사합니다~^^', '웹의 구조를 이해하는데 큰 도움이 되었습니다. 산만하게 알던 지식을 구조화 하는데 꼭 필요한 강의였어요. 친절하고 꼼꼼한 강의 감사합니다!', '웹을 처음 입문하게 되었는데 이해가 쉽게 설명해주셨습니다! 실습위주로 진행해서 너무 만족스러웠고 자료 및 수업 내용을 알차게 준비해주셔서 감사했습니다! 저는 html과 css외에 자바스크립트도 추가적으로 수업 요청드렸는데 마찬가지로 질 높은 수업이였습니다 감사합니다!', '4시간 수업을 통해 맞춤형 수업으로 제가 궁금한 부분을 중심에 두고 수업 진행이 되어 만족스러웠습니다. 기획자로서 평소에 궁금했던 부분도 많이 해소되고 어렵지 않게 이해하기 쉬운 용어로 HTML과 CSS, 자바 스크립트를 거시적으로 때론 미시적으로 접근을 할 수 있었네요. 앞으로 들은 내용 바탕으로 살을 붙여 나가보겠습니다. 고생하셨습니다^^', '비전공자이고 입문하는 입장에서 어떻게 구조를 짜야하는지 어려움이 있어 수강했는데 만족했어요. 혼자하려면 너무 헷갈렸던 레이아웃 작업 개념을 정리할 수 있어서 좋았습니다. 궁금한 것들 질문도 많이했는데 막힘없이 친절하게 알려주셔서 감사합니다 입문자분들에게 추천드려요!!']",https://taling.me/Talent/Detail/2500
16,웹개발,[티몬개발자/100만앱개발자] 10년차 개발자가 직접 알려주는 개발 공부법,정진만,"99,000원",총 1회 3시간,5,"['승환', '김상진', 'TonyStark']","['튜터님께서 경력 10년차 실무자로서 개발이 무엇인지 개념을 쉽게 알려주십니다. 그림을 그려서 비유를 들어서 자세히 쉽게 알려주셔서 이해하기 좋았습니다. 분야가 어떻게 이루어져있고 어떤쪽으로 가야할지 길을 자세히 알려주셔서 감을 잡을 수 있었고 무엇을 공부해야될지 친한 형처럼 편하게 알려주셔서 좋았습니다. 개발자로 준비하면서 든든한 조언자를 얻은것 같아 앞으로도 쭉 도움을 받고싶은 마음이 생기게 되었습니다^^ 무엇보다 수업 후 개인적인 질문시간도 충분히 주어서 궁금한점을 해결할수 있도록 수업 진행해 주신점 감사드립니다!', '비전공자로 프로그래밍에 입문하면서 가장 힘든 점은 주변에 프로그래밍 관련 종사자가 별로 없다는 것이었습니다. 그래서 제 현재 수준과 방향성에 대한 코칭이 필요하였고 튜터님의 코칭을 신청하였습니다. 실제 현업에 오래계셨던 만큼 개발에 있어서 중요한 점, 면접에서 어떤 질문을 하는지 등의 정보를 알 수 있었고 같이 이야기를 나누면서 지금 어떻게 공부해야할지 감을 잡아갈 수 있는 유익한 시간이었습니다.', '프로그래밍을 공부하기 위해 이것저것 혼자 알아봤을 때는 개발의 범주가 너무 넓어 어디서부터 시작해야할지 막막했었는데 수업 때 실제 개발 과정이 어떻게 이루어지는지부터 처음부터 하나하나 설명해주셔서 전체적인 흐름을 파악할 수 있어 좋았습니다. 각 과정마다 어떤 것에 중점을 두고 공부해야할지, 그리고 좋은 개발자가 되기 위해 갖춰야할 태도 등 뿐만 아니라 실질적으로 공부할 때 참고하면 많은 도움이 되는 팁들을 자세히 알려주셔서 앞으로의 목표와 학습방향을 설정하는데 많은 도움이 되었습니다. 다음에 더 공부해서 또 기회가 된다면 조언 부탁드릴 수 있도록 하겠습니다. 감사합니다!']",https://taling.me/Talent/Detail/14275
17,웹개발,"디자이너를 위한 웹코딩개발교육(더 나은디자인, 더 나은 프로젝트를 위한​)",엄태성,"528,000원",총 4회 12시간,5,"['정선주', 'Hyun']","['이해하기 쉽게 강의해 주시고 모르는 부분에 대해서는 언제든지 설명해 주시려고 노력을 많이 하셨습니다.\n내가 많이 배우고자 하는 마음이 있다면 정말 많은 것을 배워갈 수 있는 기회가 되는 수업이었던 것 같아요.\n개발에 대해 너무 기초적으로 모르는 부분이 많아서 힘들었을때도 계속 수업에 따라갈 수 있게 가르쳐 주시려고 노력하셨습니다.\n앞으로도 이 수업을 계기로 개발자들과 소통하는데 좀 더 수월해 질 것 같아요. 그동안 고생 많으셨습니다.', '다른 수업 커리큘럼과 달리 전반적으로 배울 수 있고 반응형까지 배울 수 있는 수업 커리큘럼이 마음에 들어 신청했었습니다!\nHTML, CSS를 알고 있었음에도 세세한 점들이나 몰랐던 부분들을 많이 얻어갈 수 있었고 작업을 할 때 강사님이 모르는 부분은 어떻게 찾아서 해결해야하는지 잘 알려주셔서 감사했습니다! 수업시간이나 수업시간 외적으로도 모르는 점은 친절히 잘 알려주시고 해결해주셔서 본인이 얻고자 한다면 많이 얻어갈 수 있는 수업입니당!!!\n이 수업이후에 갑자기 회사에 일이 많아져서 개발이슈들도 처리하게 되었는데 그때 개발자들과 소통하는 일이나 간단한 개발코드들을 작성하고 수정하는 일에 많은 도움이 되었습니다!\n너무 초보자분만 아니라면 수업을 듣는데 무리가 없을 것 같습니다!\n강의 추천해요:)']",https://taling.me/Talent/Detail/10806
18,웹개발,웹 개발자 초보 탈출하자!,박진선,"220,000원",총 5회 5시간,5,"['민동규', '혜슬조']","['너무 좋은 수업이었습니다.\n실습위주로 진행되기 때문에 아는부분에서 시간 낭비할 일도 없었고\n일반적인 학원에서는 듣지못할 꼼수(?)도 들었네요.\n\n질문도 잘 받아주십니다!! 추천!!', '의미있는시간이었습니다\n감사합니다']",https://taling.me/Talent/Detail/2744
19,웹개발,IT 현직자가 알려주는 실전 JAVA ,Kim YeongJun,"660,000원",총 4회 12시간,4.2,"['yunjenna', 'Do-keon Oh']","['잘 들었습니다!', '강사님이 최선을 다해서 친절하게 알려주셨습니다. 자바 기초부터 시작해서 실제로 사용하고 있는 프로그램과 정보도 알려주시며 인생상담까지 친절하게 해주셨습니다. 돈이 아깝지 않았습니다. 꼭 들으십시오. 강력추천합니다.']",https://taling.me/Talent/Detail/5547
20,웹개발,[ Front-end ] ReactJS로 만드는 웹서비스 - 프론트엔드,김성훈,"165,000원",총 2회 6시간,5,['화평정'],['짧은 시간이지만 많은 도움이 되었습니다. 강사분께서 많은 준비를 해오셔서 유익한 시간이었습니다.'],https://taling.me/Talent/Detail/3187
21,웹개발,전 세계 유망 직업 1위) 프론트엔드 개발자를 꿈꾸는 사람들을 위한 맞춤형 원데이 클래스,김성훈,"66,000원",총 1회 3시간,5,['Juhyun Park'],['프로그래밍 쪽 수업은 처음 들어보기도 하고 용어가 너무 어려워보여서 미리 걱정을 많이 했었는데 튜터님께서 용어 하나하나가 어떻게 작용하는지에 대한 예시와 중간중간 잘 이해했는지 체크도 잘 해주셔서 쉽게 이해할 수 있었습니다. 특히 수업 마지막에 총 정리와 퀴즈로 오늘 가르쳐주신 내용을 점검해 주셔서 모호한 부분까지 정리가 잘 되었습니다. 첫 술에 배부를 순 없지만 첫 수업에 소소한 팁까지 알차게 잘 가르쳐 주셔서 너무 감사드립니다~다음 수업도 기대됩니다~^^'],https://taling.me/Talent/Detail/3141
22,웹개발,nodejs+express+mysql을 활용한 API서버,허지훈,"440,000원",총 4회 16시간,5,['성호'],"['즉흥적으로 물어보는 질문도 많았고, 백엔드 프론트와 연동에 관한 질문도 많았는데 최대한 반영해주려고 노력해 주시는 모습에 너무 감사했어요.\n준비한 커리까지만 딱 끝내고 가시는게 아니라, 약속한 시간이 지나도 하나라도 더 알려주시려고 하시는 것도 완전 감동...\n\n물론 백엔드가 어렵기는 했어요. 이걸 혼자 했다면, 얼마나 헤맸을까 싶네요.\n하지만 많이 배우려는 만큼 많이 얻어가실 수 있을거예요.\n\n앞으로도 알고 지내고 싶을 정도로 인성도 너무 훌륭한 분~ 수업 감사했습니다!']",https://taling.me/Talent/Detail/16225
23,웹개발,워드프레스 3시간 속성 마스터 - 원데이클래스,김명준,"115,500원",총 1회 3시간,5,['이상수'],['개인적으로 워드프레스 사용시 어려웠던 부분을 실제 제작을 같이하면서 쉽게 가르쳐 주셔서 매우 유익했어요.'],https://taling.me/Talent/Detail/20249
24,웹개발,자바 (Java) 입문자를 프로그래밍 교육! 고수의 코딩! 수강생 맞춤 강의!,김종권,"435,600원",총 6회 18시간,5,['박우신'],['처음 자바책을 보면 처음보는 외국어로 쓰인 원서를 보는 기분이 들었습니다. 하지만 이 강의를 듣고서 혼자서도 공부할 자신감이 생겼습니다. JAVA의 책들을 보면 처음 볼때는 개념이 어렵고 난해합니다. 이 수업은 이러한 내용들을 여러번 반복설명해주기 때문에 수월한 이해를 도와줍니다.'],https://taling.me/Talent/Detail/13123
25,웹개발,하루만에 끝내는 초스피드 나만의 웹만들기!(HTML/CSS/Jquery),변경원,"66,000원",총 1회 3시간,0,['-'],['-'],https://taling.me/Talent/Detail/8763
26,웹개발,[현개발자]현업개발자에게서 듣는 자바뽀개기!!,신동열,"396,000원",총 4회 12시간,5,"['Timothy Lee', '한연희']","['과제 위주로 처음 수업을 진행 하였는데 꼼꼼하게 한줄 한줄 확인해주셨고, 설명도 깔끔하게 해 주셔서 정말 쉽게 이해 되었습니다. 조만간 다시 수업 부탁드릴 예정입니다~~^^ 감사합니다', '합리적인 가격에 자바를 공부할 수 있었어요!! 생활코딩 강의 목차에 따라 공부하고 있었는데 혼자 학습하기에는 양도 많고 잘 이해가 안 될 때도 있어서 튜터님께 수업을 의뢰했는데 정말 후회하지 않을 선택이었습니다:) 이제껏 들었던 강의는 반복문이나 조건문만 반복하고 심화 내용을 학습하지 못 해 수박 겉핥기 식으로 배웠다는 느낌이 있었는데 수업을 듣고 나니 객체지향 과 같은 뒷부분 까지 전체적으로 학습했다는 생각이 들어 알차고 실전적인 수업을 받았다는 걸 다시금 깨닫게 되네요:) 정말 감사합니다:)']",https://taling.me/Talent/Detail/1132
27,웹개발,워드프레스 부디 공부하지 말고 그냥 쓰세요 !~,Sangok  Kim,"132,000원",총 3회 6시간,5,"['유인애', '박다래', '신유희']","['궁금한것들 미리 리스트업해갔는데, 여러 꿀팁이랑 쏙쏙 핵심들로 잘 알려주셨어요 !\n제가 일정상 3시간 2회로 요청드렸는데, 긴 수업시간에도 끝까지 하나라도 더 알려주시려고 더 보여주시고 넘 감사했습니다 ㅠㅠ\n쌤 덕분에 워드프레스를 알아갑니다 복습열심히할게요 감사합니다~~', '워드프레스 1도 모르는 초짜였는데 친절히 가르쳐주시고 너무 감사했습니다.', '수업받은지는 좀 되었는데, 뒤늦게 리뷰를 쓰게 되었어요.\n워드프레스가 뭔지는 잘 모르지만 일단 배워보자 해서 시작했는데, 거의 컴맹이라 강사님이 좀 힘드셨을 듯 해요^^\n그래도 친절하게 잘 가르쳐주셔서 감사합니다. 한번 두번 정도로는 수업이 끝나자마자 잊어버려서, 세번 정도 수업받으니까\n확실히 알겠더라구요. 앞으로 워드프레스로 블로그도 만들고, 웹사이트도 만들어서 저도 디노의 대열에 합류할까 합니다^^\n감사했습니다~']",https://taling.me/Talent/Detail/10372
28,웹개발,맨땅 비전공자도 가능한 웹 프로그래밍 개발강의 ( A to Z ),김기현,"165,000원",총 2회 6시간,0,['-'],['-'],https://taling.me/Talent/Detail/12806
29,웹개발,HTML/CSS 로 제대로 알고 만들자,Bok Gyun Mun,"264,000원",총 8회 16시간,0,['-'],['-'],https://taling.me/Talent/Detail/2516
30,웹개발,HTML-CSS-Bootstrap-입문! 나만의 이력서만들기!,Se-Hong  Park,"330,000원",총 4회 12시간,0,['-'],['-'],https://taling.me/Talent/Detail/728
31,웹개발,12시간만에 반응형웹 만들기 (HTML5 중급편),김태완,"290,400원",총 6회 12시간,0,['-'],['-'],https://taling.me/Talent/Detail/26411
32,웹개발,CSS 프리프로세서 (Sass) 기초,황선수닷컴,"110,000원",총 1회 2시간,5,"['문하영', '안성제', 'jungwoo', '이단비']","['sass에 대해 관심이 많았는데 배울 수 있는 곳이 없어 고민하던 중 탈잉을 통해 수업을 신청하게 되었습니다!\n기본부터 제대로 배우고 싶어서 멀어서 잘 가지 않는 강남까지ㅎㅎㅎ 수업 신청하고 다녀왔는데, 친절하고 꼼꼼하게 가르쳐주셔서 많은 도움이 되었습니다!\n추천해주신 책도 샀어요ㅎㅎㅎ 좋은 수업 감사합니다!', '지금까지 여러 사람들과 다양한 팀프로젝트를 해왔는데,\n그때마다 풀스택으로 개발을 담당했었습니다.\n당시의 저에게 프론트엔드란 그저 ctrl+C, ctrl+V만 하고, 노가다만 하는 지겨운 분야라고 생각을 하고 있었습니다.\n그렇기에 지금 완전히 백엔드로 전향을 하였구요.\n\n하지만 이 수업을 듣고 난 후엔, 지금까지 가지고 있었던 편견이 전부 깨지게 된 것 같습니다.\n\n정말 이렇게 간단하게 구조화를 시키고, 노가다 작업을 최소화 시킬 수 있다는 것에 꽤나 놀라웠네요.\n\n확실히 튜터분께서 수업하고자 하는 부분에 관해 이해도가 있으신 것 같다고 생각들고요.\n\nScss에 대해 처음부터 상세히 알려주시고, 꿀팁들이나 실제 실무에서 어떤식으로 활용하고 있는지에 대한 적절한 예시를 다양한 부분에서 잘 알려주시는게 이 수업의 최대 장점이 아닐까 싶습니다.\n\n+ 편의를 위해 만들어진 기능들을 사용하지 않고, 완전 낮은 레벨에서 코드 실행해보는 것을 직접 체험해봤던 것도 정말 좋은 경험이였다고 생각합니다.', 'Sass의 A to Z를 알려주는 강의!!\n\n굳이 sass를 배워야 해? 하고 누군가 물어본다면, 황선수 튜터님의 Sass 강의를 듣고 오라고 말해주고 싶을 정도로 깊이 있는 강의입니다.\n그만큼 왜 Sass를 배워야하며 활용 방법까지 다 알려주셔서 좋았어요!\n\n이론을 알려주는 강의는 많지만 실무에 적용되는 방법까지 알려주는 강의는 드물다고 생각합니다. 특히나 저같은 주니어에겐 활용이 중요한데 이런 부분까지 알려주셔서 더 좋았어요.\n그동안 기계처럼 css를 작성하던 저에게 잘 짜여진 css란 무엇인가를 생각해 볼 수 있는 계기가 되었어요!\n\n다만, 강의 소개에도 나와있는 것 처럼 css에 대한 이해가 어느정도 있어야 따라갈 수 있는 강의입니다. css를 기본적으로 다루실 줄 아신다면 정말 꼭 들으세요!\n\n나의 코드 작성 능력을 !무조건! 디벨롭 시킬 수 있는 강의예요!\n\n준비성 철저하신 튜터님의 웰컴메시지와 수업 중간중간 말씀해주시는 동기부여는 덤~~~', 'scss를 사용하고 있지만 제대로 활용할 줄 몰라 신청하게 되었습니다.\n수업은 쾌적한 사무실에서 진행되었고 수업 시간이 오버되었지만 끝까지 한 명 한 명 다 봐주셨습니다.\n적은 시간을 들여 scss의 주요 기능을 배우고 싶었는데 제 목표에 적합한 수업이었습니다.\n각 기능마다 실습이 가능한 예제가 있어서 이해도 쉬웠고 실무에 참고할만한 소스가 될 것 같아 좋았습니다. 튜터님의 가르침을 토대로 깔끔한 css를 만들어 보겠습니다. 좋은 수업 감사합니다!']",https://taling.me/Talent/Detail/26338
33,웹개발,비전공자를 위한  10단계 웹개발자 안내,신정희,"22,000원",총 1회 1시간,0,['-'],['-'],https://taling.me/Talent/Detail/25050
34,웹개발,예비 IT인을 위한 하루만에 실무와 친해지기! #대기업현직자 #핵심만모았다,론,"66,000원",총 1회 3시간,5,"['김수현', '메이크잇']","['개발자가 가져야 할 자세, 스킬, 그리고 현업에서는 어떻게 진행되고 있는지 현직자가 생생하게 알려주셔서 더 와닿았던 강의였습니다.\n실제 IT업무가 어떻게 돌아가는지, 실무에 투입되기 위해 어떤걸 준비하면 좋을지\n학교에서 알려주는 것과는 다른 공부라 도움이 많이 된 것 같아요.\n또 혼자 공부하면서 궁금했던 사소한 질문들까지도 잘 받아주셔서 감사했습니다!!', '현직자께서 알려주셔서 도움이 많이 됐고, 전반적으로 헷갈렸던 부분들에 대해서 짚을 수 있어서 좋았습니다! 특히 개발자에게 필요한 스킬이나 현업에서 어떻게 쓰는지 예시를 들어주셔서 이해가 잘 갔습니다! 실무가 궁금한 분들께 도움이 될 거 같아요. 유용한 강의\n감사합니다!!']",https://taling.me/Talent/Detail/16346
35,웹개발,개발자로 취업 뽀개기 프로젝트반,호균,"110,000원",총 2회 2시간,0,['-'],['-'],https://taling.me/Talent/Detail/27849
36,웹개발,랜딩페이지 활용한 마케팅자동화로 내 사업 찐고객 만들기,ㄱ수민,"27,500원",총 1회 1시간,0,['-'],['-'],https://taling.me/Talent/Detail/38436
37,웹개발,쉽고! 빠르고! 확실한 워드프레스 & 엘리멘토 빌더 강좌!,하준철,"132,000원",총 1회 4시간,0,['-'],['-'],https://taling.me/Talent/Detail/19420
38,웹개발,아무나 할 수 있는 PHP 개발,모모,"15,000원",총 1회 3시간,0,['-'],['-'],https://taling.me/Talent/Detail/34458
39,웹개발,"[만능과외/앱,웹,데이터] 다 맞춰줄수 있는 코딩 과외 - 언어부터 수준까지, 이론부터 실습까지!",이경민,"264,000원",총 4회 8시간,4.9,"['익명', '송희정', 'Yujung Yun', '이슬기', 'godkhj']","['아두이노에 대해서 잘 몰라 걱정이었는데 기본부터 다 설명해주셔서 좋았습니다!\n커리큘럼도 잘 짜주시고, 필요한 물품도 다 알려주셔서 너무 좋았어요!!!', '아두이노가 무엇인지도 모르고 내가 왜 배우고싶은지조차 확실하지 않은 상태로\n그냥 아두이노에 관심이 있는데 배워보고 싶어요.\n라고 했던 저에게 아두이노를 매우 쉽고 더 궁금해지게 만들어 주셨어요!\n(이렇게 하면 됩니다.)라는 교재를 보고 왜? 인지에 대한 설명이 없어 답답하고 그렇다고 전공도 아닌데 길고 긴 기초단계를 듣고싶지는 않아서 탈잉을 알아보게 되었는데\n과하게 지루한 기초단계 없이도 딱딱 그 근본 원리를 설명해주셔서 제일 좋았습니다.', '친절한 말투와 설명으로 제가 배우고싶은 부분에 맞추어 강의해주셔서 많은 도움이 되었습니다.', '배워야 할것이 무엇이고 알고있는것과 모르고있는것들이 무엇인지\n정확하게 모르고 무턱대고 파이썬 배우고 싶어요!!\n라고 해서 강의를 듣기 시작하였는데 위의 걱정을 할 필요가 없다는것을 느끼게 되었습니다.\n코딩에서 머뭇거릴때 질문하면 친절하게 알려주시고,\n저희가 아무렇지 않게 넘길만한 중요한 개념들을 콕콕찝어서\n설명해주시니 이 짧은 시간에 정말 많은것을 배워간 것 같습니다.\n개인적인 사정으로 중간에 수업을 조기 종료하긴 하였으나\n다음에 기회가 된다면 배우고싶은 주제를 들고\n다시 가고싶다는 생각이 들었습니다 ㅋㅋㅋ\n개인적으로 아쉬운건 질문 많이 안한것이 가장 아쉽습니다 ㅠㅠ\n저처럼 아쉬워하는 튜티님들이 안생기기를 바라며\n(질문 많이 던지세요ㅎㅎ)', '파이썬 실력을 한단계 업그레이드 시켜주셨습니다']",https://taling.me/Talent/Detail/1039
40,웹개발,그림으로 배우는 자바 프로그래밍 입문!,Se-Hong  Park,"495,000원",총 6회 18시간,4.8,"['박나영', '최미영', 'Jack Kim']","['실습이 많은 강의인데 강사님 사이트에 실습 환경이 너무 잘 구비되어 있어 안정적으로 수업받을 수 있었습니다. 그림을 통해 이해하기 쉽게 가르쳐주시는 점 또한 좋네요!', '문제를 풀면서 개념정리가 확실하게되서 좋아요.\n제가 질문많이하는데 친절하고 자세히 알려주셔서 좋아요.\n자바에 대한 개념을 확실하게 다질수 있어서 추천합니다.', '코딩자체가 처음인 사람입니다.\n코딩을 배워봐야겠다는 생각으로 인터넷 이것저것보다가 샘이 운영하시는 사이트를 알게 되었어요. 워낙에 체계적으로 잘\n구성해놔서 샘한테 배워보고 싶단 생각을 했는데 우연히 탈잉에 들어와서 보게되서 바로 신청했습니다.\n\n1. 샘이 우선 너무 친절하고 성실하세요.\n샘들 중에도 정말 인성이 안좋거나 불성실한 분들이 계신데, 겸손하시고 항상 학생 입장에서 최대한 잘 설명해주시려고 많이 노력하시는게 보였습니다. 개인적으로 밥도 같이 먹고 이야기도 나누면서 좋은 인상이 남았습니다. 탈잉에서 이것저것 3번정도 수업을 들어봤는데 가장 좋았던 샘이었어요\n\n2. 깔끔한 설명, 체계적인 커리큘럼\n샘이 운영하시는 사이트가 있는데, 거기에 기초적인 부분을 잘 다질 수 있도록 하나하나 잘 만들어두신게 있어서 예습이랑 복습하기도 좋아요. 저는 일단 사이트에서 샘 접한게 처음이니깐 그거 보고 바로 탈잉에서 결정했거든요.\n동영상이랑 학습내용이랑 연습문제까지 너무 잘 되어있습니다.\n\n3. 자바는 무조건 홍팍샘한테 들으세요!!\n제가 아무것도 코딩에 모르지만, 샘 수업듣고나서 기초개념이 확실해졌어요. 책을 읽어도 이해하기 쉽지 않은 부분들이 많이 있잖아요. 동영상이나 유튜브를 봐도 어려운 부분들이 있는것 같아요. 그런 부분들은 샘이 학생 눈높이에서 정말 잘 이해시켜주세요.\n\n수업이 너무 좋아서 더 듣고 싶어서 연장해서 수업 신청했어요.\n정말 수업 잘하시고 쉽게 가르쳐 주세요. 감사하단 말씀밖에 드릴게 없네요.\n자바 필요하신분은 꼭 들어보세요.\n정말 좋습니다']",https://taling.me/Talent/Detail/479
41,웹개발,[하루4시간으로 오토캐드 뿌시기!] AUTOCAD 심화반,최민지,"83,600원",총 1회 4시간,5,['수연'],['캐드 업무가 필요하신 아버지를 위해 수업을 결제했어요!\n아버지 말씀으로는 너무 친절하시고 잘 가르쳐 주셨다고 정말 많이 만족해하셨어요ㅎㅎ\n감사합니다!'],https://taling.me/Talent/Detail/26578
42,웹개발,[IoT]나만의 스마트홈 만들기 - 플랫폼 및 IoT 서비스 만들기,김승민,"132,000원",총 1회 6시간,5,['gayoung'],"['Iot를 배워보고 싶은 모든 분들께 추천합니다! 저는 비전공자로 스마트시티 관련된 텀프로젝트를 진행하게 돼서 도움을 받고자 이 수업을 수강했습니다. 막연하게 iot를 해보고 싶다는 생각만 있었는데, 튜터님이 현실적으로 실현가능한 방향으로 프로젝트 설계부터 필요한 프로그램 설치, 코드예제까지 거의 모든 부분을 커버해주셔서 정말 감사했습니다.\n\n저는 처음에 리뷰가 없어서 망설였는데, 알고보니 부산시 스마트시티 프로젝트에도 참여하셨고, 스마트미러, 스마트파크 등등 직접 개발 및 서비스해본 경험이 풍부한 튜터님입니다. (스마트미러 완전 신기해요..!) 그리고 Iot관련 실제 서비스들에 대해 궁금했던 것들을 수업시간 내내 여쭤봤는데 수업시간을 초과해서까지 정말 친절하고 깊이있게 잘 가르쳐주셨어요. (이렇게 잘 가르쳐주시는데 리뷰가 없는게 안타까워서 첨으로 리뷰 남겨봅니다 ㅠㅠ)\n\n이 정도로 iot분야에서 친절한설명+경험많은 개발자 튜터님을 만나기 쉽지 않은데 탈잉이란 사이트 덕분에 좋은 기회였습니다. 저처럼 코딩뭔지 잘모르지만 iot만들어보고 싶은 분들, 졸업프로젝트나 텀프로젝트에 도움이 필요하신 분들께 특히 더 추천합니다! 튜터님 감사해요!!']",https://taling.me/Talent/Detail/4766
43,웹개발,[1:1레슨]구글클라우드와 워드프레스로 맞춤 홈페이지 제작하기 ,토트샘,"330,000원",총 1회 3시간,0,['-'],['-'],https://taling.me/Talent/Detail/15050
44,웹개발,작심삼일도 충분한 웹 크롤링 입문(65page),KwonAwesome,"13,200원",총 1회 1시간,0,['-'],['-'],https://taling.me/Talent/Detail/25788
45,앱개발,3시간 [My Own Mobile app Opening] Firebase with Android,박기완,"99,000원",총 1회 3시간,5,"['송민주', 'Lucy K', '서정록', '장은숙', '어해림']","['4학년 전공생이고 졸작 진행중에 막히는 것이 있어 수강하게 되었습니다.\n선생님 코딩실력이 대단하셔서 제가 몇주간 고민했던걸 바로 해결해주셨습니다.\n인강으로는 배울 수 없는 것들을 배울 수 있어서 좋았습니다.', '친절하십니다. 감사합니다.', '3시간동안 정말 알차게 제가 원하는 부분에대해서 알려주셨어요! 프로젝트 진행중 도움이 필요했는데 많은 도움이되었습니다! 또 강의 들을 의향이 200퍼센트 있습니다 ㅎㅎ', '파이어베이스의 기본을 이해하는 알찬 수업이었습니다. 감사합니다.', '수업 통해 정말 많이 배웠어요, 너무 감사합니다 :) 컴공과 대학생이고 학부생들끼리 프로젝트 중이었는데 firebase를 처음 다루어서 수업 신청했었습니다. 친절하게 다 알려주시는 건 물론이고, 수업이 끝난 후에도 실시간 카톡 질문을 바로 답변해주셔서 너무 감사했어요! 그리고 저는 전공 학부생으로서 현업 개발자 분이 작업하시는 방식을 볼 기회가 없었는데 이런 걸 많이 알려주시고, 원데이 수업임에도 바로 손에 익히도록 반복학습 시켜주셔서 이런 점들이 너무 좋았습니다. 또 컨설팅까지 해주셔서 좋았어요. 졸업반 앞둔 학생이다보니 컨설팅도 도움이 많이 되었어요. 원데이라 걱정했는데 정말 알차게 많이 배워갑니다!!']",https://taling.me/Talent/Detail/15594
46,앱개발,기린반 - 세상제일 쉬운 JAVA 수업,김진영,"220,000원",총 5회 10시간,5,"['김헤라', '김용연', '최선아', '이상흔', '김동현']","['친절하시고 정말 도움이 많이되는 수업이었습니다', '비전공자이고 늦은나이에 학원에서 배우기 힘들었는데\n친절하게 설명해주시고 잘 알려주셔서 잘배웠습니다 ㅎㅎ 중요 포인트랑 도움될 말씀과 수업시간외로 피드백 잘해주셔서 매우 만족한 시간이었습니다!', '기초를 조금 밖에 모르는 상황에서 선생님을 만났는데 정말 친절하게 알려주시고 이해가 안가는 부분은 다시 알려주시거나 아님 더 이해가 쉽게 가도록 설명해주셨어요!! 수업의 질도 너무 좋고 체계적이어서 너무 좋았어요 그리고,,!! 늦은 시간에 질문 드려도 답변 주시는게 너무 감사했어요ㅠㅠ 그래서 연장 수업도 하고 현재도 만족하고 있습니다 ~~ :)', '급하게 도움을 부탁 드렸는데도 너무 친절하게 잘 진행해 주셨습니다. 수많은 코드를 간결하고 짧은 코드로 발상의 전환을 맛보게 해주셨습니다. 지금껏 탈잉에서 진행해본 수업중 가장 굵고 짧은 가르침이었습니다. 감사합니다!', '진짜이분신그자체입니다....항상설명하실땢이해하게쉽게설명해주셔서 진짜 머리속에쏙쏙들어왓어요저같은무식한사람도 진짜 이분밑에서배우면달라집니다 앞으로도 계속 밑에서배우고싶네요...계속부탁드립니다']",https://taling.me/Talent/Detail/3495
47,앱개발,[마감임박/3주완성/4월주말] 비전공자를 위한 Swift 앱 개발,고준일,"396,000원",총 6회 18시간,,['-'],['-'],https://taling.me/Talent/Detail/4652
48,앱개발,Flutter 플러터와 서버 기초부터 서비스까지,김도일,"99,000원",총 1회 2시간,4.9,"['시현', '기몌수', '박재철', '김은영', '최유영']","['flutter 관련 강의 중 본질에 가장 가까운 강의라고 생각합니다! 튜터분 설명도 잘해주시고 정확히 개념을 잡아주시는 느낌이라 처음 듣는 내용도 부담없이 잘 들을 수 있었습니다!', '유데미로 수업듣고 기초를 탄탄하게 배웠다는 느낌보다는 그냥 교과서보고 어떻게하면 되는지 ""외운"" 느낌이였는데, 김도일 튜터님께서 기초적인 문법들을 잘 정리해주셔서 이제서야 좀 dart라는 언어를 배운다는 느낌이 드네요! 앞으로도 몇달 잘 부탁드립니다 :)', '플러터로 개발을 하면서 매번 필요한 UI, 기능이 있을 때마다 검색해가며 예제를 따라하는 것이 답답해서 수업을 듣게 되었습니다. 튜터님의 수업을 들으며 코드 한줄한줄의 의미에 대해 이해하다보니 코드를 어떻게 짜야겠다는 개념이 정립됩니다~ 설명을 쉽게 해주시며 수업 중간중간 질문드려도 답변을 친절히 해주셔서 많은 도움이 됩니다 :D', '아직 공부중인데 인턴으로 출근하게 되서 수업듣게 됐습니다. 원하는 답을 찾을 수 있는 방법을 알려주십니다. 눈높이에 맞는 설명을 해주셔서 많은 도움이 됐습니다. 감사합니다 튜터님 :)', '회사에서 갑자기 플러터를 쓰자고해서 신청했었는데 이해 잘되게 설명 잘해주셨어요. 전체적인 개념부터 세세하게 알려주셔서 좋았어요. 지금 다시 리액트를 하게 되서 다음회차는 신청을 아직 안했는데 다음에도 신청하고싶어요.']",https://taling.me/Talent/Detail/10726
49,앱개발,취업 강의-급여공개 iOS 개발자로 취업 도전,양건화,"980,000원",총 4회 28시간,5,['임소은'],['컴맹이라 걱정 많이 했는데\n강사님이 정말 성심성의껏 열정적으로 알려주세요! 덕분에 흥미가 생기네요 감사합니다😁'],https://taling.me/Talent/Detail/12554
50,앱개발,60시간 [Kotlin으로 배우는] 안드로이드 서비스개발,박기완,"297,000원",총 6회 18시간,4.8,"['희주', '최태근']","['자바도 안드로이드도 처음이었는데 잘 따라올 수 있도록 쉽게 가르쳐 주셨습니다 보충수업도 잘 이뤄지고 수업이 다 끝나고도 신경써주셔서 감사했습니다 무엇보다 코틀린 기본 문법부터 앱 개발 과정과 앱출시까지 단계별로 모두 경험해볼 수 있는 커리큘럼이 좋았습니다', '현재 IT운영을 하면서 안드로이드 개발은 아예 경험이 없고 자기만의 기술이 필요한 듯 하여 탈잉에서 검색을 하여 듣게되었습니다.\n\n강의내용은 코드 초보자를 위한 자바 기초강의부터 시작하여 안드로이드의 기본적인 내용과 네이버 맵 연동 및 FireBase 연동까지 진행하였습니다.\n\n강사님이 세세하게 알려주시고 모르는 부분이 있으면 자세하게 알려주는거와 동시에 어떻게 구글링을 하는지와 Git 검색법까지 배웠습니다.\n\n무엇보다 어떻게 대량 데이터베이스를 다루는지와 실제 마켓에 오픈하는 방법까지 최단 기간내의 프로젝트 오픈방법에 대해 배울수 있어서 최단시간내의 프로젝트 완성이 목표라면 주저없이 들으셔도 될 듯합니다\n\n또한 수업이 끝나도 계속적으로 소통공간이 열려있기때문에 좋은듯 합니다']",https://taling.me/Talent/Detail/14620
51,앱개발,"진짜 IT 기획 - 1:1 방문코칭 - 플랫폼 성공, 핵심은 알고 하자",조동진,"305,800원",총 1회 4시간,5,"['이시행', 'Landen', 'YH', '서미영', 'Ar ch']","['사업의 본질을 다시한번 생각해볼 수 있는 소중한 시간이었습니다. IT 서비스 기획 입문 단계였지만 누구나 쉽게 배울 수 있게 잘 알려주셧습니다.', '정말 친절하시고, 핵심을 잘 짚어주시며, 현실적인 조언을 주셔서 좋습니다.\n특히, 비대면으로 상담하면 답답하던 디테일이 현장에서 상담할때는 확실히 잡히는 것 같아 정말 좋았습니다.\n\n개인적으로는 코칭이 딱딱하지 않고 1:1 의 자유로운 토론분위기가 좋았구요. 저의 생각과 입장에 대해 충분히 들어주시고 상황에 적절한 대처방법을 알려주십니다. 특히 사업과 연관된 부분에서도 전문가이셔서 IT서비스와 비즈니스모델과의 정확한 연관성을 짚어주시고 IT서비스의 핵심이 무엇인지, 그리고 무엇보다도 두리뭉실한 조언보다는 실질적인 조언과 IT 프로세스 과정을 자료와 함께 제시해주셔서 너무 좋았습니다.\n\nIT 서비스를 고민하시는 분이라면 꼭 추천드리고 싶습니다.', '궁금한 질문들을 많이 해볼 수 있었고\n질문에 대한 답변을 핵심으로 잘 들을 수 있었습니다.\n\nIT 사업이 온라인이다보니 고객을 등한시하는 경우도 생길 수 있는데\n고객 중심 사고로 다시 본인 사업을 재점검 해볼 수 있어 좋았습니다.\n\n감사합니다.', 'IT 기획 및 개발에 있어 강사님의 인사이트에 감탄할 수 밖에 없었습니다. 기획부터 마케팅, 홍보, 개발까지 도메인 지식이 깊고 넓으세요. 강사님을 만나 뵙기 전에는 ‘나무’를 보고 기획했다면, 강의를 듣고 난 뒤 ‘숲’을 보는 방법을 알게 되었습니다. 수업이 끝나고도 성심성의껏 도와주려 하셔서 정말 감사드립니다. 저처럼 플랫폼 비즈니스를 준비중이신 분들에게 강력 추천 합니다!', '어제 강의를 들었습니다\n먼저 시간에 늦지않게 방운주셨고\n저녁6시에 만나뵈었는데 감사하게도 간식을\n준비해주셔서 강의를 듣다가 배고플때 먹었습니다\n\n저의 경우 제전공과 아이티의 연결모델에 대해 질문을\n드리고 그부분에 구동을 위해준비할부분에 대해\n질문을 했는데 성의껏 대답해주시고\n실제 좋은 아이디어를주셔서\n진행해보려합니다\n\n어제 감사했습니다\n좋은 아이디어 있으시면 계속 알려주세요\n추가 자료 감사드립니다']",https://taling.me/Talent/Detail/26279
52,앱개발,"자바/안드로이드/웹 프로젝트,이론,실습 맞춤형 수업",배성호,"264,000원",총 4회 8시간,0.2,['김지환'],['돈 버렸습니다\n주셨던 파일 중에 바이러스도 심어놓으셨네요ㅎㅎ..\n노트북 밀어야됩니다 수고하세요~'],https://taling.me/Talent/Detail/9208
53,앱개발,쉽게 배우는 iOS개발 with Objective-c,신철민,"528,000원",총 4회 16시간,,['-'],['-'],https://taling.me/Talent/Detail/21426
54,앱개발,개발자 연봉 3400이상 취업하고 싶은 분!! 비전공자도 가능,김양훈,"480,000원",총 4회 12시간,,['-'],['-'],https://taling.me/Talent/Detail/30162
55,앱개발,[튜터전자책-영상 제공]수백시간을 아끼는 안드로이드 앱 개발 가이드북(203page),최호준,"41,800원",총 1회 1시간,5,['김한수'],['코딩에 대해서 잘몰랐는데 이번 전자책강의를\n통해서 좋은 앱을 만들게 됬네요ㅋ감사합니다'],https://taling.me/Talent/Detail/28691
56,앱개발,유니티 게임 만들기 - 따라하면 누구나 안드로이드 모바일 게임을 만들 수 있습니다.,안종윤,"11,000원",총 1회 1시간,,['-'],['-'],https://taling.me/Talent/Detail/38169
57,앱개발,공식문서로 iOS 개발하다 막힐 때 물어보는 1:1 클래스,성두류,"33,000원",총 1회 1시간,,['-'],['-'],https://taling.me/Talent/Detail/31909
58,앱개발,스타트업 CEO 라면 꼭 알아야 할 잘나가는 앱들의 UX 비결!,권혜민,"50,000원",총 1회 2시간,5,"['김준호', '정명']","['사업을 하려고 하는데 UX, UI, GUI 관한 지식이 부족해서 수업을 신청했는데 너무 친절하고 꼼꼼하게 알려주셔서 도움이 많이 됐습니다.\n눈높이에 맞게 잘 설명해주셔서 이해하는데도 빨랐습니다. 수업을 하면서 기초 개념부터 성공한 기업들의 UX/UI/GUI를 보면서 같이 ‘왜’를 찾으면서 매일 쓰는 앱들임에도 불구하고 정확히 인식하지 못했던 부분들을 깨닫게 되어 유익한 시간이었습니다. 시야가 넓어져서 비즈니스 방향도 명확해지는 기분이에요!! 오늘 귀한 시간 내주셔서 감사합니다.\n이 수업 강추입니다!!!', '현재 예비창업패키지에 선정이 되어서 서비스 개발중인데 개발사와 원활한 커뮤니케이션을 위해 강의를 신청했습니다.\n\n하지만 본래 생각했던 것 이상을 배울 수 있었네요. 튜터님께서 경험도 많으신데다가 전달력도 좋으셔서 시간 가는줄 모르고 몰입해서 들을 수 있었습니다.\n\n혹시 웹서비스나 앱서비스를 생각중이시거나 창업진흥원등의 정부지원사업을 준비중이시라면 강추합니다.\n\n늦은 시간까지 열정적으로 강의해주신 튜터님께 감사드립니다!']",https://taling.me/Talent/Detail/37770
59,앱개발,원하시는 iOS앱을 같이 개발하면서 앱 만드는 법을 온라인으로 레슨해 드립니다. (1석 2조) 앱 주인이 되자,유영무,"66,000원",총 1회 2시간,,['-'],['-'],https://taling.me/Talent/Detail/34346
60,앱개발,"[야너개]야, 너도 개발자 될 수 있어! 그림으로 비전공자도 쉽게 배우는  iOS 앱개발 입문",홍원표,"528,000원",총 6회 24시간,,['-'],['-'],https://taling.me/Talent/Detail/28053
61,앱개발,안드로이드 개발 강의,박주찬,"264,000원",총 8회 8시간,,['-'],['-'],https://taling.me/Talent/Detail/1025
62,데이터분석,[파워비아이공방/기초반]일반 Excel유저를 위한 Power BI 강의 (by 현직컨설턴트,파비공,"160,000원",총 1회 4시간,5,"['김현호', 'Sally(이성연)', 'SuJin Kim 아이폰', '이용재', '양혜원']","['엑셀에서 데이터 시각화에 한계를 느끼고 신청 했습니다 편안한 분위기와 적극적인 설명으로 그 한계를 확실히 넘어섰네요. 엑셀의 한계로 답답함을 느끼시는 분들은 반드시 들어야할 강의 입니다 강추합니다. 특히 데이터 시각화와 데이터모델링에 대한 쉬운설명으로 큰 도움이 되었습니다... 저는 실무반도 등록할 예정입니다. 강의 품질에 대한 고민을 하시는 분들은 더이상 고민하지 마세요', '수업 오기전에 설치만 해보고 처음 다뤄보는데 대시보드까지 만들수 있게 됐습니다.!!\n완전 초보이신 분들도 부담없이 수강하실수 있으니 걱정안하셔도 될거같습니다.\n4시간만에 대시보드가 가능이라뇨..!!!\n열심히 복습해서 다음달에 실무강의까지 수강하겠습니다.\n감사합니다!!', '튜터님께서 차분하게 잘 가르쳐주셔서 이해하는데 도움이 많이 됬어요. 직접 만들어본게 큰 도움이 되었습니다. 수업시간 끝나고서도 질문 받고 대답해주셔서 감사해요. 직접 업무해보고 나중에 실무클래스 들으면 더 좋을것 같아요! 감사합니다~', '데이터 시각화 툴에 대해 공부하고 싶어서 강의를 들었는데, 완전 처음 다뤄봄에도 불구하고 수업에서 정말 자세하게 잘 알려주십니다.\n처음 다뤄보신 분들도 쉽게 따라할 수 있을 것 같고\n더 배워보고 싶은 마음이 들어서 앞으로도 블로그나 유튜브 그리고 개설되는 수업에 관심 갖고 임할 것 같습니다.\n업무에 접목할 수 있도록 여러가지 질문들도 잘 받아주시고 너무 유익했던 시간이었습니다.', '파워비아이를 쓰면서 이 기능은 어디에 있지? 이런건 안 되나? 하고 불편해서 그냥 엑셀로 해야겠다고 미뤄온 것들을 정리하려고 수강해서 도움이 많이 되었습니다! 감사합니다 :)']",https://taling.me/Talent/Detail/25939
63,데이터분석,[8월/9 원데이 모집 중] 비전공자도 즉시 써먹는 데이터분석 & 시각화 실습! 'R',김종혁,"90,000원",총 1회 3시간,5,"['김서현', '이설', '이경희', 'claire kim', '이서니']","['이론 기초부터 실습까지 함께 구성되어 있어 독학하고 싶은 분, 기초를 익히고 싶으신 분들 모두 추천드려요! 굉장히 세심하게 알려주셨고, 끝난 후에도 복습할 수 있게 코드도 주셨습니다. 그리고 공간도 깔끔하고 독립되어 있어서 굉장히 편했습니다.', '코딩에 막연하게 두려움만 가지고 있었는데 r언어의 대략적인 흐름을 알고나니 조금 걱정이 줄었어요~\n어려운 내용을 3시간 동안 쉽게 설명하려니 힘드셨을텐데 덕분에 잘 배웟습니다!! r언어를 실습할 수 있어서 좋았어요~ 담엔 정규클래스도 고려해볼게요:)', '짧은 시간이었음에도 불구하고 R에 대해서 기본부터 천천히 알려주셔서 더 배우고 싶다는 생각이 들게하는 수업이었습니다!\n프로그램 설치가 잘 안됐는데 계속 옆에서 도와주셨고 중간 중간에 작동 안될때마다 세심하게 알려주셔서 수업이 힘들지 않았습니다\n혼자하다가 안되면 원데이 말고 정규 클래스도 들어야겠어요!', '업무에서 R을 활용할 일이 있어 기초 인터넷 강의를 찾아보다가 질문 하고 싶은 것이 많이 생겨서 튜터님을 찾게 되었어요! 모르는 부분도 왜그런지 잘 설명해주시고 실무에서 필요한 내용들 많이 잘 알려주셔서 많은 도움이 되었습니다. :) 강추합니다~~', '처음 40분은 실습을 위한 이론수업, 이후 약 2시간동안 R을 활용한 실습을 진행했습니다.\n실용적인 부분을 실습하여 부담스럽지 않게 R을 경험할 수 있었고, 독학할 때 도움될만한 여러 방법을 알려주셔서 큰 도움이 되었습니다.\n실습 진행시 문제 없는지 한명씩 체크해주시고 수업 자료도 꼼꼼히 챙겨주십니다!\n세시간이 호다닥 지나갈 정도로 재밌는 수업이였습니다. R통남 화이팅:)!!']",https://taling.me/Talent/Detail/24389
64,데이터분석,"1도 모른 나, 6주 후 실무 쿼리를 작성하다니.",이상우,"297,000원",총 6회 12시간,5,"['전현상', 'KimYeseul', '이예린', '이가영', '민교장']","['안녕하세요 :)\n2021-09-14까지 6주간 수업을 내돈내산으로 수강한 학생입니다.\n\n이전에 SQL을 한 번도 해본 적이 없었고,\n대기업 인턴을 하면서 어느 회사에서나 데이터 추출 및 사용에 SQL이 필요하다는 것을 깨달아서 수강하게 되었습니다.\n6주 커리큘럼 동안 수업 후 매주마다 복습 2시간, 과제 1시간 정도 시간을 사용했습니다.\n그 결과 현재는 업무에 필요한 데이터를 원하는대로 추출하고 가공할 수 있는 성과를 얻었습니다.\n(덤으로 취업성공까지 했습니다. 감사합니다!)\n\n선생님의 전달력은 단연 최고입니다.\n매번 정확히 이해했는지 물어봐주시고, 이해가 안되었으면 반복해서 설명해주셨습니다.\n단순히 암기가 아니라,\n초심자도 쉽게 이해할 수 있도록 알려주셔서 응용력을 키울 수 있었습니다.\n\n과제에 대해서 제가 생각한 방식 이외에도\n다른 방법들을 알려주시고,\n복습할 수 있도록 결과물을 카톡으로 보내주셨습니다.\n\n항상 인자하게 웃으시며 설명해주셔서 친절하셨습니다.\n시간 또한 매 수업 5분 전에 들어와주셔서 늦은 적 없이 원할한 수업 진행이 되었습니다.\n\n대학생, 취준생, 현직자 모두가 들을 수 있는 수업이라고 생각합니다.\n정말 추천해요!\n파이썬과 같은 다른 수업도 개강하시면 바로 수강하고 싶습니다!\n6주 동안 정말 감사합니다.', 'SQL을 혼자 독학하는 와중 조금 더 배워보고 싶다는 생각에 강의를 찾다가 튜터님의 강의를 듣게 되었습니다.\n혼자서는 어려웠던 부분을 이론을 듣고 직접 실습을 하다보니,\n어느새 조금씩 어떻게 쿼리를 짜야하는지 구조가 보이기 시작했습니다.\n물론 아직 더 많이 공부해야하지만, 강의 초반에 비하면 이정도로 생각할 수 있다는게 놀랍습니다!\n\n열정 넘치는 수업 뿐만 아니라, 수업자료 퀄리티도 정말 좋습니다.\n어떻게 이 많은 자료를 다 구성하셨는지..! 최고입니다! 그리고 그 많은 자료를 자세히 설명해주십니다.\n\n수업시간도 항상 초과해서 설명해주시고, 심지어 과제 모르는 부분을 물어봤을 때 아예 화상으로 추가 설명도 해주셨습니다.\n\n튜터님 덕분에 SQL에 대해 조금 더 지식을 쌓을 수 있었습니다. 6주간 매주 목요일마다 정말 감사했습니다!', 'SQL 첫 시작을 튜터님 강의로 하게 된 걸 큰 행운이라 생각합니다!!\n\n아무것도 모르는 상태에서 시작한거라 걱정도 많이 되었는데, 6주 간의 수업을 마치고 나니 앞으로 혼자서도 더 공부해나갈수 있다는 자신감도 생긴 것 같아요!! 저는 SQLD 자격증에 관심이 생겨 시작했는데 단순 이론만 배우는게 아니라 실무에 적용시킬 수 있도록 배운다는 게 큰 장점으로 느껴졌고, 수업을 통해 기초 개념을 이해하고 쿼리를 직접 짜보면서 무작정 자격증 공부부터 시작하지 않은 걸 다행이라고 생각하게 되었습니다..ㅎㅎ 수업이 아닌 날에도 튜터님이 직접 질문도 받아주시고 매주 과제 피드백을 주셔서 공부하는데 많은 도움이 되었습니다.\n\n수강을 고민하고 계신 분들이 있다면 꼭 추천드리고 싶어요!!', '일단, 무조건 추천합니다.\n\n저는 기존 컴퓨터쪽과는 정말 담을 쌓고 있다고 봐도 될 정도의 문외한이었고, 전공도 전혀 다른쪽입니다.\n갑작스레 회사업무로 인해 SQL 공부가 필요했고, 여러 강의들 중 후기가 가장 좋아 선택했었습니다. 큰 기대없이 강의를 듣기 시작했었는데,\n선생님의 열정적으로 강의해주시는 부분과 어떤 질문에도 상세히, 진심으로 이해시켜주시려는 부분에 저도 덩달아 재미있게 열심히 배우고 있는 것 같습니다.\n\n물론, 한주동안 숙제의 압박은 있습니다. 하지만 이런거 안하고 싶단 생각이면 애초에 돈주고 강의 들으면 안될 것 같습니다!\n놀랍게도,,\n문외한인 저도 4주만에 쿼리를 작성하고 있습니다! 그리고 기존 업무에서 활용하던 쿼리를 이해해나가고 있습니다.\n별점 5개도 부족할 정도로 정말 만족하며 감사하며 배우고 있습니다.\n강의 수강을 고민하던 제 모습을 생각하며 후기를 작성하며, 여러분들에게 정말 강력 추천합니다!!\n손생님!! 정말 감사합니다!! ☺️☺️', '이거 강의 왜 신청 안해요?ㅎ 리뷰수도 많고 평점도 높다는건 그만큼 수업 퀄리티도 좋고 만족도가 높단건데\n\n1. 대충 sql은 아는데, 직접 짜본 경험이 없다\n2. 기초부터 차근히 실력을 키워보고 싶다\n3. 다양한 실무 예제로 숙련도를 높이고 싶다 등\n\n이 중에 하나라도 속하는 사람이라면 수강 완전 강추. 딱 6주가량만 투자하면 업무에서의 자신감이 달라지는거 바로 느낄 수 있습니다 (경험담)']",https://taling.me/Talent/Detail/2299
65,데이터분석,[생명과학] 논문 이해/해석 이거 하나면 끝납니다. 신비한 실험 사전,채윤철,"31,900원",총 1회 1시간,4.9,"['영인', '희진', '지송유', '준', '장우']","['급하게 보고서를 내야했는데 전자책이라서 하루만에 받아 볼 수 있었어요!! 잘 참고할게용', '대학원 오니까 너무 힘들고 막막해서 어찌해야할지 몰랐는데 이렇게 상세하게 되어있는지 몰랐어요\n진짜 열심히 만드신게 보여서 천천히 계속 읽으려구요 답변도 친절하시고 짱이에여!', '대학원 준비생입니다 요긴하게 잘 쓸것같아요ㅜㅠ 이런 책 감사합니다', '제가 익숙하지 않는 실험에 대해 이해하기 쉽게 정리되어있어 도움이 많이 됩니다!', '요새 논문을 읽다가 데이터 분석이 어려워서 보자마자 구매했어요! 정말 도움이 많이 되는 것 같아요! 저희 분야에서 이런 천사가 있으신줄 몰랐네요 ㅎㅎ']",https://taling.me/Talent/Detail/28799
66,데이터분석,[SQL] 분석가한테 쉽게 배우는 실무 SQL데이터분석! 기초부터 현업사례까지!,Sun Young Lee,"468,000원",총 4회 12시간,5,"['민경배', '김혜린', 'undefined', '정해선', '김지훈']","['추천드립니다.\n가르쳐주시는 것도 친절하고 좋아요.', '알때까지 설명해주시고, 그룹스터디인데도 1:1개인레슨같이 느껴질 정도로 상세하게 알려주십니다. 한꺼번에 이것저것 알려주는 방식이 아니라 자주쓰는 코드를 계속 반복해서 알려주셔서 ...복습 열심히 안했지만 수업은 잘 쫓아갔습니다. 정말 마케터라면 필수적으로 들어야 하는 강의입니다.!! 강추강추', '4주동안 정말 유익한 수업이었습니다:)\n대학교에서 배운 적이 있어서 SQL을 기초적인 실력으로 다룰 수는 있었지만, 멘토님께서 현업에 연결지어 알려주셔서 정말 좋았습니다. 요즘 이직을 생각하고 있던 터라 정말 도움을 많이 받을 수 있었습니다.\n평소에도 궁금한 부분 물어보면 친절하게 알려주셔요! 4주동안 감사했습니다!', '강추합니다:)\nsql을 처음 접하는데 이해하기 쉽게 그리고 친절하게 설명해주시고, 과제를 통해 직접 sql구문을 작성해보게끔 하셔서 응용력도 키울 수 있었습니다.\n실무에서는 어떤 식으로 활용되는지도 말씀해주셔서, 구문을 언제 써야하는지에 대한 감도 익힐 수 있었습니다!\n4주간 정말 유익한 시간이었습니다:)', ""아이고... 너무 오래된 후에 리뷰를 쓰네요ㅠㅠ\n팀 배정받고 거의 뭐 온 세상의 리포트는 죄다 가져와서 밤낮 하루종일 엑셀만 보다가 안구 건조증 왔습니다... 너무 바빠서 많이 늦어졌네요..이휴...\n\n4주내내 사실상 사수이자 스승이자 선배셨던 튜터님!!! 진짜 감사했습니다!!\n\n처음 접하는 문과생인데도 어렵지 않게 끌어주셔서 4주내내 정말 알찬 시간이었던거 같아요!\n\n특히, 툴만 배우는 지루한 수업이 아니라, 실제 제가 평소애 엑셀로 작업해야 하는 실무 지표들을 놓고 배울 수 있는 현장감이 너무 좋았어요!!\n\n그리고 다양하게 응용해가면서\n배운 기능 뿐만 아니라, 데이터에 관련된 '머리'도 기를 수 있다는 점!!!!\n\n마지막으로,\n막 이직해서 처음 접하는 업무에 허둥거리는 산만한 저의 상태를 다 참아주긴거 같아서ㅠㅋㅋㅋㅋ 죄송하고 감사합니다!!\n\n다른 수업 여시면 또 들을게요!\n통계수업이어도 듣겠습니닷!!!!""]",https://taling.me/Talent/Detail/16317
67,데이터분석,[파워비아이공방/실무반]일반 Excel유저를 위한 Power BI 강의(by현직컨설턴트),파비공,"240,000원",총 1회 6시간,5,"['이지인', '윤민상', '이정석', '허지수', 'Hyo J']","['기본반 듣고 다음달에 바로 실무반까지 들었는데, 실무하기에 있어 기본이 탄탄하게 잡힌 것 같습니다. 평소 작업하다가 궁금한 부분도 다 여쭤볼 수 있었고 친절하게 대답해주셨습니다!\n얼른 집에 가서 복습하고 응용해보고싶네요\n수업시간이 길어서 집중할 수 있을까 걱정했는데 그럴 생각할 시간 앖이 시간 금방 지나갔습니다\n무엇보다 수업 끝나고 메일로 여러 질문 드리는데 항상 피드백 친절하게 해주셔서 많은 도움 받고 있습니다 감사합니다 ㅎㅎ', '어설프게만 알고 있던 개념들에 대해\n핵심과 기본뼈대를 명확히 짚어주는 최고의 강의였습니다\n책과 너튜브, 블로그등을 통해 독학하면서 궁금했던 부분, 가려웠던 부분을 확실하게 해결해주셨습니다\n실무에 사용할 실전지식을 쌓는데 큰 도움이었습니다\n개인별 질의응답까지, 그리고 사후관리까지 해주시는점 정말 감사합니다\n기본을 탄탄히 하며 동시에 실무지식을 갖출분들께 이 강의를 추천드려요 :)', '잘 준비된, 강의 커리큘럼과 친철한 설명에 감사드리고,\n궁금했던 점들 뿐만아니라, 꼭 필요한 부분, 나중에 궁금해할 부분을 미리 알려주셔서. 공부에 많이 도움이 되었습니다.\n시간이 지나, 조금 실력이 향상되었을 때에도, 꾸준한 AS 약속해 주셔서... 든든합니다. ㅎㅎㅎ', '실무에 적용하기위해서는 실무반을 꼭 추천합니다! 작년에 기본반 듣고 열피벗해제 같은 기본기능을 잘 사용하고 있었는데, 아무래도 시각화쪽은 DAX 함수가 익숙하지 않아 잘 사용하지 못했어요\n\n실무반 수업에서는 튜터님과 함께 실제 데이터를 가지고 직접 레포트를 만들어보는 시간이므로 제가 필요한 내용을 그대로 적용해 볼 수 있었습니다.\n\n미리 준비해간 질문사항도 모두 해결하고 돌아와서 뿌듯하네요!\n\n튜터님께서 세심하게 봐주셔서 이제 정말 레포팅이 가능할 것 같다는 자신감을 갖게되었어요 ㅎ 감사합니다', '단순히 Power BI를 엑셀에서 visualization 이 강화된 정도라고 생각했는데 Power Query 와 함께 사용법을 익히니 엑셀의 반복적인 업무들을 줄일 수 있는 신세계였습니다. 1:1수업으로 진행했는데 수업 중간 중간 질문에도 성실히 답변해 주시고, 제가 배우고자 하는 목적에 맞게 잘 설명해주셨고 너무 유익한 시간이었습니다. ^^']",https://taling.me/Talent/Detail/27721
68,데이터분석,캐글 머신러닝 대회 부수기,오정훈,"208,000원",총 4회 8시간,4.9,"['안예나', '김민준', '김규빈', 'LIM HJ', '신병근']","['너무 친절하게 잘 가르쳐 주세요 입문반 후에 계속 이어서 수업 듣고 싶습니다', '정말 친절하시고 단계별로 캐글에 대해서 설명해주셔서 이해하는데 많은 도움이 되고 있습니다 앞으로도 계속 수강하고 싶습니다', '9월부터 12월까지 꾸준히 배우고 있습니다!\n튜터님한테서 정말 많은 것을 배우고 있어서 적어도 반년은 더 배우지 않을까 생각합니다.\n맞춤형 교육이 정말 최고입니다!\n조금 아쉬운 건 강의 시간 정도....\n더 배우고 싶습니당!', '캐글을 준비하는 분이라면 꼭 들어야 하는 강의라고 생각합니다.\n\n1. 기초부터 탄탄히 알려주시고 원리를 이해할 수 있게 해주십니다.\n베이스라인 잡는 법부터, 차근차근 난이도에 맞게 필요한 것들을 알려주시기 때문에 기초를 잘 다질 수 있습니다. 그리고 코드를 쓸 때마다 왜 이 코드를 쓴 것인지 친절히 설명해주셔서 좋습니다.\n\n2. 수업 중간중간 곧바로 질문을 드릴 수 있고 대답도 속시원하게 해주십니다.\n질문의 핵심을 짚어주시고 적절한 예시와 함께 답변을 주셔서 궁금한 점이 잘 해소됩니다. 그리고 시중에 다른 VOD 온라인 강의에서는 질문을 드리면 보통 시간차도 있고 대답을 들어도 잘 이해가 안갈 때가 있었는데, 오정훈 튜터님 라이브 강의에서는 질문도 곧바로 할 수 있고 답도 정말 명쾌해서 이해가 잘됩니다.\n\n3. 딕션이 정확하셔서 강의 내용 전달력이 매우 좋습니다.\n수업을 듣기 전에는 대면강의가 아니라서 걱정을 했었는데 그런 걱정은 필요 없을 정도로 발음도 정확하시고 내용도 정확하게 알려주셔서 전달력이 좋습니다. 강의 집중도 잘 되어서 이 강의 듣길 잘 한 것 같아요.\n\n여러모로 만족스러운 게 많은 강의였구요. 이 강의를 통해 배운게 많아서 다른 분들에게도 추천하고 싶습니다.', '3월말부터 수강했던 학생입니다. 학부 1학년이었고 군대를 병역특례로 해결하고 싶었습니다. 하지만 원하는 머신러닝, 데이터 분석쪽 직무는 대부분 학사이상, 석사이상의 전문연쪽이고 가끔씩 올라오는 채용공고는 굉장히 경쟁률이 높았습니다. 하지만 이 수업을 듣고 높은 경쟁률을 뚫고 기업부설연구소에서 머신러닝 엔지니어로 근무를 시작할 수 있었고, 책으로 배웠던 막연하게만 알고있던 지식을 실무에 적용하는 프로세스와 활용하는 방법을 제대로 알게되었습니다. 만약 데이터 분석과 머신러닝에 관심이 있고 해당 분야로 나아가고자한다면 이 수업이 방향을 잡고 앞으로의 공부에 큰 도움이 될 수 있다고 생각합니다.']",https://taling.me/Talent/Detail/8779
69,데이터분석,[R코딩/R Studio] R로 배우는 데이터분석! 나도 코딩 전문가!,StatKim,"360,000원",총 5회 10시간,5,"['하건우', '주현일', 'kate', '김현민', '정지연']","['최대한 많은 내용을 전달해주시려고 노력하시고, 실력도 넘 좋으십니다~!\nR을 누구에게 배울까하고 계시다면 망설임없이 김지현 튜터님 강의로 시작하셔도 됩니당', '1. 커리큘럼 : 매시간 수업10분전에 직접 만드신 수업자료를 공유해주십니다. 프로그램 경험이 전무한 저도 처음부터 따라가면서 잘 이해할 수 있고, 점점 어려워지는 부분도 개인적으로 연습해 볼 수 있도록 잘 알려주십니다. 처음 이미지와 데이터를 불러오는 것부터 시작, 기본적인 통계지식, R의 구성, R의 데이터구조, 데이터를 원하는 자료로 변형하는법, 시각화 하는 법까지 전반적으로 다 다뤄주셔서 좋았습니다. 추가로 읽을 자료와 링크를 주십니다.\n2. 전달력 : 매우 열정적으로 가르쳐주십니다. 그리고 명쾌하게 가르쳐주십니다. 이해 안가는 부분은 복습을 통해 훑어주시고, 수업중에 예제를 통해 직접 해보게끔 도와주십니다. 진행되는 수업 시간동안 준비하신 내용 전부를 다뤄주려고 노력하십니다.\n3. 준비성 : 수업 자료가 짜임새있고 책만 보고는 이해할 수 없는 부분도 튜터님이 수업자료를 통해 이해하기 쉽게 구성해 놓으셨습니다. 프로그램을 처음 접하는 저도 이제는 전반적으로 R을 잘 이해할 수 있게되었습니다.\n4. 친절도 : 엄청 쾌활하시고 친절하십니다. 무엇보다 잘 이해를 못하고 버벅이는 답답한 순간에도 단계를 밟아갈 수 있도록 인내심을 가지고 가르쳐주십니다ㅜ 참 감사했습니다.\n5. 시간준수 : 정해진 시간에 항상 수업을 진행했습니다. 수업 전에 자료도 칼같이 보내주시고, 수업 시간 내에 최대한 많이 다뤄주시려고 합니다. 그리고 수업이 끝나도 끝난게 아니라고 말씀하셔서 궁금한 점 질문도 항상 가능합니다. 제가 복습을 많이 못했지만, 이번에 복습을 전부 해서 궁금한 점 다시 질문하겠습니다.\n\n감사합니다!!', '수업을 통해서 기본기를 효율적으로 배울 수 있었습니다. 입문자 입장에서 기본서를 몇권 구매했었지만 책 마다 담긴 내용이 조금씩 다르고 너무 방대한 양에 공부할 엄두가 안났는데요. 튜터님과의 수업을 통해서 단기간 내에 기초를 다질 수 있었습니다. 수업이 마무리된 이후에도 어떤 식으로 공부해야겠다는 방향을 잡을 수 있어서 좋았습니다. 감사합니다!', '수준에 맞춰 튜터님이 잘 알려주심 덕에\n많은 배움과 실력 향상에 도움을 받았습니다\nR을 처음 입문하시는 분들도 두려워하지마시고\n김지현 튜터님께 신청하시면 짜임새있는\n진도를 나갈 수 있을 것입니다 감사했습니다!', '독학을 한 탓에 R에 대한 기본 개념조차 부족했는데, 제 수준에 맞게 잘 지도해주셔서 정말 감사합니다. 덕분에 R로 데이터 분석을 하는것이 재밌어졌고, 막막하게만 느껴지던 두려움이 사라졌습니다!! 저처럼 R을 독학하면서 데이터를 앞에 두고 분석을 하려면 무서웠던(?) 분들께 특히 더 강추해요!!^^ 눈높이 수업 정말 감사합니다♡']",https://taling.me/Talent/Detail/3402
70,데이터분석,서울대 출신 경제학 박사가 가르치는 딥러닝 예측방법론,한창호,"330,000원",총 5회 10시간,4.9,"['정해선', '김지미', '풀꽃', '이재훈', '강은호']","['시계열데이터분석에 대해 이론부터 코드까지 알려주는 정말 유익한 강의였습니다.\n\n이론을 할 때 기존 통계모형 AR MA도 첫 시간에 언급해주셔서 이론적으로도 정말 탄탄한 강의였습니다.\n그리고 실제로 직접 작성하신 코드를 돌려보면서 안돌아갈 경우 그에 대해 차근차근 친절하게 알려주십니다.\n\n딥러닝을 이용해서 시계열데이터분석을 배우고 싶은 분들에게 추천합니다 : )', '데이터사이언스에 관심을 갖고 탈잉의 여러수업을 신청하여 듣고 있는 수강생 입니다. 평소 시계열 데이터 분석법에 대해 배워보고 싶었는데, 시중의 강의 및 교재가 마땅치 않아 신청해서 듣게 되었습니다. 이 분야의 전문가님께서 기본 컨셉에서 부터 실습 코드까지 자세하게 설명을 해주셔서 개념을 잡는데 무척 도움이 되는 강의였습니다. 복습은 저의 몫이지만 평소 딥러닝 시계열 분석을 배우고 싶으신 분께 추천드립니다.', '검색을 통하여 본 과정을 수강하였습니다.\n기본적인 시계열예측 및 딥러닝 방법론을 통한 시계열예측 과정을 통하여\n시계열이 적용되는 개념과 실습을 통하여 코드의 순차적인 설명까지 자세하게 해주셔서 정말로 좋았습니다.\n또한 미세하게 적용될 수 있는 중요한 변수제어 방법도 실습하게 되어서 정말로 유익하였습니다.\n그리고 향후에 심화과정이 개설된다면 꼭 수강하고 싶습니다.', '시계열 예측이라는 것에 관심을 가지고 접근해 보고싶었는데, 관련된 책이나 강의가 많지 않았습니다. 탈잉에서 우연히 알게되어 수강했는데, 처음 관련된 이론부터 충분히 숙지할 수 있었고, 제공해 주신 예시와 소스코드가 많은 도움 되었습니다. 적용해서 내것으로 만드는 것은 저의 숙제이지만, 배움의 즐거움을 오랜만에 느낄 수 있었습니다.', '최근 머신러닝 관련분야의 공부가 필요하다는 막연한 마음에 수강을 신청하였습니다.\n하지만 저는 해당 분야의 입문자 수준이기 때문에 강의를 수강하기 전 걱정이 매우 앞서 있었는데\n선생님께서 수강생들의 레벨에 맞추어 수업해주셔서 무리없이 수강이 가능하였습니다\n또한 각 모델의 적용하는 프로세스 부분에 대해 자세히 다뤄주셔서 금방 실무에 활용할 수 있을 것 같습니다.']",https://taling.me/Talent/Detail/12245
71,데이터분석,"[사회과학] 논문 통계/연구방법론 1:1 맞춤 튜터링 (SPSS, AMOS) - 온라인가능",Yenie,"55,000원",총 1회 1시간,4.9,"['조옥선', '니생각', 'YSH', '정순구']","['정말 차분하게 잘 알려주셨어요~ 시간을 오버해가면서도 최대한 알려주시고 가려고 노력 많이 해주셨어요~ 최고입니다!! 감사해요~', '수업의 목적에 맞게 자료도 미리 준비해주시고, 수업 구성도 잘 해주시고 무엇보다 필요한 부분들을 딱딱 잘 집어서 집약적으로 가르쳐주셔서 도움이 많이 됐습니다!!! 샘도 부담없게 대해주시며 친절한 와중에 카리스마있는 모습으로 수업진행해주셔서 집중도 잘 됐고 정말 많은 실제적인 도움 받았어요~! 강추입니다.', '통계 프로그램을 처음 활용해서 분석했는데, 필요한 부분을 어렵지 않게 차근차근히 알려주셔서 많은 도움을 받았습니다.', '쌤께서\n수업 준비 정말 준비 많이 하시고 오세요\n통계에 대한 애매한 개념 명확히 정리해주십니다\n학생 관점애서 보면 학생에게 내용을 전달하는전달력이 뛰어나신거 같아요\n적극 추천 드립니다']",https://taling.me/Talent/Detail/20845
72,데이터분석,"[1:1] Excel, Power BI, DAX, 파워쿼리, 파워피벗",조신효,"80,000원",총 1회 2시간,5,"['CLARE', '여뎡', '김준영', '룰루룰루', '김예지']","['저만 알고 싶은 선생님입니다.\n수업 준비도 구성도 전달도 최고이십니다. 감사합니다!!!\n늦었는데도 성심성의껏 답변해주셔서 너무 감사 드립니다. 쵝오!!!', '2시간 수업이라서 과연 얼마나 배울 수 있을까 걱정했는데 기우였습니다. 왜 이런식으로 구현되는지 작동 원리와 개념을 상세히 설명해주셔서 짧은 시간내에 기본기를 다지는데 많은 도움이 되었습니다. 실제 사용하는 데이터를 통해 진행하니 훨씬 더 쉽게 이해되었습니다. 수업 직전까지 상세히 안내해주셨고 수업이 끝나고 도움 되는 자료도 많이 주셔서 감사드립니다.', '커리큘럼 : 최대한 수강자가 원하는 내용으로 맞춤형 강의가 이루어집니다.\n전달력 : 수강자의 이해정도를 꾸준히 확인하고 사례위주로 전달해서 이해가 쉽습니다.\n준비성 : 아주 성실하게 자료를 제공해 줍니다.\n친절도 : 반복된 질문에도 언제나 친절하게 설명해 줍니다.\n시간준수 : 주어진 시간에 필요한 진도를 충실히 나갑니다.\n어떤 면으로 보아도 최고의 강의임에 틀림없습니다. 특히 튜터님이 실무를 하고 있어서 문제 해결력이 매우 뛰어납니다.', '정말 너무 만족스러웠어요 BI에서 잘 정제된 러데이터만 쓰다가 전산체계가 엉망인 중소에서 일을 하게 되어 절망적이었습니다 이걸 수기로 관리해야한다니ㅋ 어이가 없었죠 일주일은 걸릴거같았는데... 신세계네요 기분이 너무 좋아요 감사합니다', '엑셀 특유의 복잡한 함수에 진절머리를 느껴 신청했던 수업입니다. 피벗은 더 직관적이면서도 간단하고, 필요할 때마다 필터 기능을 바꿔가며 원하는 값을 얻을 수 있어 간편했습니다.\n피벗이라는 좋은 기능을 알려주시고, 급작스러운 질문에도 대응해주셔서 감사했습니다.\n수업 추천드립니다!']",https://taling.me/Talent/Detail/29531
73,데이터분석,"파이썬 데이터 분석 & 머신러닝, 딥러닝",우수민,"264,000원",총 4회 8시간,,['-'],['-'],https://taling.me/Talent/Detail/26953
74,데이터분석,하루에 1% 수익률! 인공지능 주식 로봇 만들기,한창호,"440,000원",총 5회 10시간,,['-'],['-'],https://taling.me/Talent/Detail/31015
75,데이터분석,기본부터 실무까지 구글애널리틱스 GA 완벽정복 강의,신효민,"240,000원",총 4회 8시간,,['-'],['-'],https://taling.me/Talent/Detail/13426
76,데이터분석,"미국박사: 논문 통계분석 (SPSS, AMOS, MPLUS, EQS)",Dr.Park,"49,500원",총 1회 1시간,,['-'],['-'],https://taling.me/Talent/Detail/29898
77,데이터분석,대량의 텍스트 데이터로부터 인사이트 도출하기 (#자연어처리 #텍스트마이닝 #네트워크분석 #파이썬),권민지,"108,900원",총 1회 3시간,,['-'],['-'],https://taling.me/Talent/Detail/31245
78,데이터분석,논문 통계가 어려우신 분들을 위한 연구방법론 강의,김광모,"101,200원",총 4회 8시간,,['-'],['-'],https://taling.me/Talent/Detail/33958
79,데이터분석,파이썬 배울 때 이것만은 꼭 알고가자! Py린이를 위한 코딩 입문,한창호,"330,000원",총 5회 10시간,,['-'],['-'],https://taling.me/Talent/Detail/33442
80,데이터분석,"Numpy, Pandas 배워서 파이썬 제대로 사용하기",한창호,"382,800원",총 6회 12시간,,['-'],['-'],https://taling.me/Talent/Detail/33468
81,데이터분석,[튜터 전자책] 학위 및 학술논문 연구자를 위한 명령어로 실행하는 SPSS 프로세스 매크로 통계분석(59p),이주용,"29,700원",총 1회 1시간,,['-'],['-'],https://taling.me/Talent/Detail/33431
82,데이터분석,태블로 데이터 분석 + 파이썬 데이터수집 패키지,이동규,"540,000원",총 3회 12시간,5,"['김영민', 'mrlee']","['따로 개인 레슨 문의 후 신청해서 수강 중이고, 무조건 추천 드리는 튜터님입니다 :)\n태블로도 굉장히 뛰어나시지만, 데이터적으로 배우고 싶은 내용이 있다면 지금 문의하세요!\n친절하게 답변해 주세요 ㅎㅎ\n\n저는 마케터로 일하고 있는데, 각 매체별 API를 통한 데이터 수집부터 태블로를 활용한 대시보드 시각화까지 전반적인 내용을 배우고 있습니다.\n배우고 싶었던 내용이 꽤 광범위한 내용이었지만, 튜터님께서 전반적인 지식이 있으셔서 비전공자도 충분히 이해하기 쉽도록 설명해 주시고 계세요!\n비전공자라 처음 접하는 내용이나 구조적으로 어려운 부분들도 충분히 이해하기 쉽도록 설명해 주시면서 진도를 나가고 있습니다.\n\n저는 아래 커리큘럼으로 배우고 있고, 굉장히 만족스러운 수업을 듣고 있습니다.\n배운 내용을 실제로 실무에 활용해 보고 있기도 합니다.\n1) 데이터 수집\n- 광고 API를 활용하여 빅쿼리에 데이터 수집\n2) 태블로 대시보드 시각화\n- 수집한 데이터를 활용한 태블로 시각화\n\n데이터 수집 관련된 내용은 개념만 알고 있었고, 이번에 튜터님과 함께 직접 시도 해 보면서 많은 도움을 받았습니다.\n레슨 과정이 끝나고 조금만 더 연습하면 실무에서 활용할 수 있을 것 같아요!\n\n그리고 메인 내용인 태블로는 이전 회사에서 사용을 했지만, 거의 야매(?)로 사용해서 기본기가 부족했었어요.\n이번 레슨을 통해서 기본 개념과 태블로를 쓴다면 꼭 활용하면 좋은 기능들과 꿀팁을 많이 배우고 있습니다 :)\n\n새로운 걸 배우기 좋아해서 다양한 튜터님들에게 수업을 들어봤는데,\n동규 튜터님의 수업을 추천하는 이유를 3가지 말씀드릴게요!\n\n1) 데이터 전반에 대한 이해도가 높으셔서 상황에 맞는 방법을 추천해 주시고, 조언을 해주세요.\n2) 기본 개념을 탄탄하게 설명해 주시고, 이를 활용한 예시를 적절히 알려주셔서 학습 능률이 올라가요.\n3) 정말 많은 강의 자료가 있고, 수강생의 필요에 적합한 자료를 활용하여 수업을 진행하세요.\n\n동규 튜터님 수업을 통해 마케터로 새롭고 강력한 무기를 얻은 느낌이에요!\n여러분도 데이터 분야에서 배우고 싶은 게 있으시다면, 꼭 수업을 들어보세요 :)', '태블로 활용에 대한 이해가 깊으셔서 태블로 기초부터 심화까지 배울 수 있는 강의였습니다~저 같은 경우엔 실무에 필요한 내용 위주로 수업을 진행했는데 수업 준비를 잘 해주셔서 감사했어요. 특히 태블로 기능에서 궁금한 부분에 대해 질문드려도 튜터님이 친절하게 알려주셔서 정말 많은 도움이 되었습니다!']",https://taling.me/Talent/Detail/38218
83,데이터분석,"1대1로 확실하게, 실무활용을 위한 태블로 A to Z",이동규,"500,000원",총 2회 10시간,,['-'],['-'],https://taling.me/Talent/Detail/38942
84,데이터분석,[SQL / Tableau / Power BI] 현업에 필요한 데이터 분석 Skill,모원서,"360,000원",총 3회 9시간,4.9,"['안다정', '지혜림', '조원근', '이종은', '신여울']","['초급이라서 이끌어주시기 정말 힘드셨을텐데 하나하나 친절히 이끌어주셔서 끝까지 함께할 수 있었습니다! 감사합니다^^', '3주 시간동안 핵심만 깊이 있게 배울 수 있는 좋은 시간이었습니다^^ 강사님이 SQL책도 집필하셔서 SQL에 대한 이해도가 높으시고 핵심적인 부분 설명도 clear하여 이해하기 쉬웠습니다. 수업은 이론설명듣고 실습을 같이 해보는 시간이 많아서 혼자 해볼때도 어렵지 않았고 실습할 때도 어려운 부분을 같이 도와주셔서 이해 하기 쉬웠습니다 주말에 시간내서 배울 가치가 있는 수업이었습니다 ^^b', '모르는 사항도 상세히 알려주시고, 눈높이 맞춤교육이 좋았던것 같습니다', '꼼꼼하고 세심하게 알려주셨어요~! 아예 모르는 초보 상태인데 기초부터 친절하게 알려주셔서 이해할 수 있었구요! 수업이후에도 모르는 부분에 대해 잘 알려주셨습니다!\nsql 기초를 알고싶다면 꼭 추천합니다!', '배우고 싶은 내용을 다 배울 수 있는 수업이라 좋았습니다. 여러 질문을 많이 했는데 수업에 친절히 다 대답해주시고 찾아주시고 해주셔서 궁금증도 많이 해결되고 제가 실제 활용할 수 있는 기능들 위주로 해주신것도 좋았습니다. 실습 위주의 수업이고, 저는 수업 전에 지난주 내용 복습해보는것도 좋았습니다.ㅎ 감사합니다~']",https://taling.me/Talent/Detail/13449
85,데이터분석,[합격 사업계획서 작성법] 대출X 갚지 않는 정부지원금 받는 정부지원사업으로 리스크 없이 사업하자! 예비창업자 창업자 자영업자 가능,로꾸미,"327,800원",총 1회 2시간,5,"['하얀', '장선빈', 'LeeYun Taek', '설정혜', 'K']","['아무것도 모르는채로 갔는데 많이 알려주시고 하나하나 작성하는법이랑 어떤식으로 써야 하는지 이부분이 좋은지 안좋은지 자세하게 설명해주셔서 이해도 잘되고 점점 탄탄해지는게 느껴졌어요 준비도 덜했고 지각도 했었는데 너무 친절하셨어요 !', '도움 주셔서 감사해요', '보고서나 어떠한 투자 기획, 사업계획서등이 처음이었던 내가 사업 컨설팅을 받고 나면서 내가 알지못하는 모르는 부분부터 정부투자계획과 효과적으로사업계획서 쓰는방식등등을 알게 되었고 이런한것들을 차그차근 디테일하게 찝어주시고 이해가 안되는 부분은 한번더 피드백해주셨는데 그부분에 저를위해서 꼼꼼히 체크해주시는게 느껴저서 너무 감사했고 이해못하는 부분도 이해할수있게 추가 설명을 쉽게 해주셔서 머리에 쏙쏙들어왔습니다 이수업을 통해서 정부투자지원에 더욱 많은 도전을 해볼구 있게 자신감이 생겼습니다. 정말 감사합니다.', '안녕하세요 지난 주 튜터님께 수업 듣고 후기 남깁니다.\n막막했던 정부지원금으로 창업/사업 시작하기 수업\n직접 하나하나 겪으며 터득하신 노하우를 알려주셨습니다.\n덕분에 막막하고 막연했던 것들이 갈피가 잡혔습니다!\n튜터님께서 직접 얻은 노하우를 알려주시면,\n그 방법을 토대로 직접 계획하고 찾아야 완성되는 수업인 것 같습니다.\n앞으로 제가 계획하고 해나가야 할 일들이 많은 것 같습니다.\n상세하고 친절히 설명해주셔서 많은 도움이 되었습니다~!\n알려주신 방법대로 열심히 도전해보겠습니다! 좋은 수업 감사합니다.', '친절하게 자세한 정보 알려주셔서 알찬시간이었어요 감사합니다']",https://taling.me/Talent/Detail/13686
86,데이터분석,[Online] 비전공자도 즉시 써먹는 데이터분석 & 시각화 실습! 'R,김종혁,"158,400원",총 4회 8시간,5,"['현희', '대학촌']","['전향을 하고 싶어서 정말 아무것도 모르는 상태에서 맛보기로 시작했는데~ 넘나 재미있게 배워서 더 배우고 싶고 자격증을 목표로 공부하고 싶어요!\n직장 다니면서 공부하기 쉽지 않겠지만 열정적인 튜터님을 만나서 좋았습니다:) 감사해요~', '종혁선생님 정말 감사드려요 :) 제가 직장을 다녀서 시간을 내기가 힘들어서 요구사항도 많고 이리저리 선생님을 들볶았(?)는데도 불구하고, 정말 제 편의를 봐주시는 것은 물론, 정말 열성적으로 제게 유익한 강의를 해주셔서 감동받았습니다 ㅠㅠ 제가 바쁜핑계로 수업시간도 계속 미루기도 하였는데 계속 친절하게 1:1 맞춤으로 해주시고 ㅠㅠㅠ 정말 감사합니다. 제 주위 동료들에게도 강추드리도 싶고 앞으로 다른 커리큘럼(이를테면 오프라인 정규반)도 더 수강하고 싶어요!!!! 앞으로도 계속 열강해주세요 :)']",https://taling.me/Talent/Detail/27779
87,데이터분석,"심리통계 개인과외, 심리학과 대학원 입시(학업계획서, 논문리딩)",한창훈,"480,000원",총 4회 8시간,5,['Jin Hee Jung'],['타과생으로서 상담심리학과를 준비하면서 한창훈 선생님으로 부터 수업을 받은 덕에 큰 어려움 없이 통계 준비를 할 수 있었습니다.\n무엇보다 적극적으로 도와주시고 통계 뿐 아니라 선생님이 가지고 계신 정보에 있어서는 아낌없이 나누어주셨어요.\n수업 진행도 저의 상황에 맞춰주셔서 정말 편하게 수업을 들었습니다.\n현재 저는 이화여자대학교 상담심리학과에 합격을 하였고\n이화여자대학교는 통계가 정말 중요하다고 생각하는데 구술면접에도 큰 어려움 없이 대답할 수 있었어요!\n\n수업을 듣는 동안 나눠주신 통계 자료들도 매우 알찼고\n수업을 듣고 난 후에도 궁금한 것에 대해서는 언제든지 친절하게 알려주셨습니다.\n정말 감사해요 샘!!ㅎㅎ'],https://taling.me/Talent/Detail/5050
88,데이터분석,[금융x파이썬] 주식투자전략&백테스트를 기초 코딩으로 구현해 투자하자!,이시용,"594,000원",총 6회 18시간,,['-'],['-'],https://taling.me/Talent/Detail/15091
89,데이터분석,딥러닝을 이용한 자연어처리,조휘열,"280,000원",총 4회 8시간,5,['Yu Bryce'],"['스탠포드 자연어 처리 강의 자료를 한 번 훑을 생각은 있었는데, 제가 의지력이 약해서 혼자서는 진도가 잘 안 나가서 신청했습니다. 친절하신 강사님 도움으로 스탠포드 대학교 강의(cs224n) + 제가 별도로 설명 요청드린 외부 자료까지해서 신경망부터 BERT까지 전반적으로 자연어 처리 분야를 한 번 다 훑어볼 수 있었습니다. 감사합니다 ^^']",https://taling.me/Talent/Detail/8384
90,데이터분석,초보자 머신러닝/딥러닝 시작하기,Daniel,"412,500원",총 5회 15시간,5,"['홍수정', 'Claire', '김명은', '김지은']","['최고의 수업입니다. 선생님이 가르치시는 웹크롤링부터 온라인으로 들었고 이 수업도 온라인으로 들었습니다. 온라인으로 배워서 시간 장소에 구애받지 않고 코드나 파일 주고 받기도 더 좋았습니다. 여러 세팅에서의 강의경험도 많으셔서 수강생들 레벨에 맞춰서 짜임새 있게 강의를 구성하십니다. 수업하면서 제가 질문을 많이 드렸는데 수강생 입장을 이해해주시려고 하고 친절하게 잘 답변해주십니다. 아낌없이 가르쳐주시고 수업 내용을 잘 이해했는지 확인하시고 진도를 나가시며 수업내용 외에도 많은 관련 정보와 도움을 주십니다. 클래스 크기도 작아서 수강생들에게 이보다 더 좋은 강의는 찾기 어려울 것이라 생각됩니다. 감사합니다!', '선생님께서 지식을 전달해 주시는 부분에 있어서 아낌이 없으시고 매우 친절하시고 늘 하나라도 더 알려주려고 하십니다. 단순히 지식을 전달하는 부분을 넘어서 수강생이 진심으로 잘 되길 기도하시는 모습에 정말 감사했습니다. 머신러닝, 딥러닝 수업을 모두 들었는데 개인적으로는 머신러닝 수업을 듣고 딥러닝을 공부하는게 더 나을 것 같습니다. 딥러닝이 생소한 개념이 등장해서인지 조금 더 어렵다는 느낌을 받았습니다. 코로나 때문에 온라인 수업을 했는데 온라인 수업도 저에게는 잘 맞았네요. 선생님께서 알려주신 내용 바탕으로 앞으로도 계속 꾸준히 머신러닝과 딥러닝 공부를 하려고 합니다. 선생님, 하시는 일들 모두 잘 되시길 기도할게요! 이 수업을 추천합니다 :)', '친절하시고 학생을 많이 배려해주셔서 좋았어요 기본부터 알려주시고 공부자료나 새로운 동향에 대해서도 언급해주셔서 수업 이후에 공부하는 데도 큰 도움이 되었던 것 같아요. 지식에 있어선 아낌없이 주시려고 하는 것 같고 모르는 부분있으면 차근히 설명해주셨어요 코드는 미리 올려져 있어서 참고하거나 복습하기에 편했어요 단순 수업 내용뿐만 아니라 제가 관심있던 다른 분야에 대해서도 시간내어 설명해주셔서 감사했습니다.', '머신러닝 수업을 다시 듣게 되면서 딥러닝 기초부터 실제 관심있는 딥러닝관련 이미지 분야를 배울 수 있었습니다. 많은 수업 경험을 바탕으로 탄탄하게 진행하시며, 딥러닝의 이론을 쉽게 이해할 수 있도록 중요한 부분은 여러번 설명을 해주셨습니다. 수업이 끝나고 혼자 책을 보는데 도움이 많이 될 꺼같습니다. 이런 수업을 소수정원으로 하여 배울 수 있어 운이 좋았던것 같습니다. 딥러닝 대해서 이전에 알고 있던 지식보다 지금은 저 스스로 설명해 볼 수 있는 수준으로 이해할 수 있었고 실제 수업 시간에 코드를 써가며 코드를 읽을 수 있는 법을 배울 수 있었던 시간이였습니다. 선생님의 전반적인 강의는 깔끔하고 듣기만 해도 이해하기 쉽고 재미있었습니다. 늦은 저녁 시간대였지만 열정적으로 수업준비해주셔서 감사합니다. 추천합니다.']",https://taling.me/Talent/Detail/7180
91,데이터분석,전공자가 진행하는 통계과외,이슬,"528,000원",총 4회 8시간,,['-'],['-'],https://taling.me/Talent/Detail/6405
92,데이터분석,"구글 AI인증 강사와 함께하는 파이썬, AI, 구글AI자격증 입문! (복습용VOD제공)",양수민,"264,000원",총 6회 12시간,5,"['이연', '차수정', 'Nayoung', 'Henry Lee', '최윤석']","['저는 코딩 경험은 있지만 파이썬이나 딥러닝은 처음으로 배우는 상태였는데요,\n우선 6회동안 파이썬 기초부터 머신러닝, 딥러닝까지 전체 내용을 한번에 훑을 수 있다는 점이 아주 좋았습니다!\n하지만 전체를 훑는다고 해서 절대 디테일이 떨어지는 게 아니구요,\n필요한 부분은 꼭 짚고 넘어가고, 실무에서 적용할 수 있는 다양한 스킬들도 알려주십니다. 아주 효율적인 강의입니다!\n더불어 이론에 치중하거나, 코딩에만 치중하는 것이 아니라 이론과 실제 코딩 예제까지 두루두루 다 다룬다는 점이 아주 좋았습니다!\n어떻게 6회 안에 이걸 다 다루지 싶을만큼 아주 만족스러운 강의였습니다!\n아무래도 강사님께서 실무 경험도 풍부하시고 강의 경험도 풍부하셔서 그런 것 같습니다.\n설명도 아주 이해하기 쉽게 잘 해주십니다! 추천드려요~~!!!!', '파이썬을 배우고 싶으신 분들이라면 이 수업을 추천드립니다. 후회하지 않으실거에요!!\n탄탄하게 짜여진 커리큘럼으로 2시간 수업이 순식간에 끝나버립니다. 파이썬에 대해서 아는게 하나도 없는 문과생이라 수업내용을 따라갈 수 있을까 걱정을 좀 했었는데 선생님이 엄청엄청 교육 경험이 많으셔서 그런지 수업내용을 이해하는데에 무리가 없었어요! 수업 속도를 학생에 맞춰서 조절해주시고 강의 시작할때 저번 시간에 배운내용을 간단하게 리뷰해주시는데 이게 많이 도움이 되었습니다.\n책임감두 많으시구 끝까지 확실하게 가르쳐주세요!! 중간중간에 이해가 안되는 부분이 있으면 잠깐 기다려주시고\n☆☆질문을 이상하게 해도 어떻게 그렇게 잘 알아들으시고 답변을 해주시는지 감동이었어요ㅠㅠ진짜 제가 생각해도 질문을 너무 못해서 죄송할 정도였는데 역시 경험이 많으셔서 그런지 딱 짚어내시더라구요!☆☆\n비전공자의 입장에서 수강후기이기 때문에 입문자에게 추천을 하듯이 썼지만 다른 리뷰에서 볼 수 있듯이 현직에서 일하시는 분들에게도 좋은 수업인것같아요!!\n입문부터 고급까지 다 커버할 수 있는 수업이기 때문에\n들을까 말까 고민하고 계시다면 들어보시는걸 추천해드립니다!!', '수업준비랑 강의내용이 깔끔해서 좋았습니다\n2시간 수업이 짧게 느껴져서 아쉬웠고, 계속 공부할 수 있도록 동기부여가 된거 같아 만족합니다~!\n관련업무에 관심이 있어서 들었고， 실제업무는 파이썬을 전혀 사용하지않고 비전공자이나 이해하기 쉬웠습니다-!', '파이썬 기본 문법부터 판다스 라이브러리를 통한 데이터 분석, 자연어 처리, 머신러닝, 딥러닝 등과 같은 심화 및 응용 분야까지 전반적으로 커버하는 강의입니다.\n\n초보자도 쉽게 들을 수 있고, 무엇보다도 강사님의 강의 전달력이 정말 좋습니다. 구글 인증 강사셔서 그런지 배경이되는 이론적인 지식도 풍부하시구요. 파이썬을 처음 접하시는 분들도 미리 말씀만 드린다면 맞춤형으로 강의해주시고 특히 궁금한 부분에 대해 질문드릴 떄마다 친절하게 성심성의껏 잘 알려주셔서 너무 좋았습니다. 추천합니다!!!', '현직 아이티 계통에 종사 중이며, 머신러닝과 딥러닝에 관심이 많아서 신청하게 되었습니다.\n저처럼 아이티 계통에서 이쪽으로 관심을 가지고 계시다면,\n현업에서 일하시는 분의 advice를 받을 수 있는 좋은 기회라 생각됩니다.\n또는, 초보자 분들도 쉽게 접근 하실 수 있을 것 같고요.\n커리 큘럼이 잘 되어 있습니다.\n\n가장 좋았던 점은 관심 분야 쪽으로 초점을 맞춰 설명과 준비를 잘 해주신 점이 제일 좋았던것 같습니다.\n저는 컴퓨터 비전 쪽으로 관심이 있었는데, 현재 트랜드에 맞춰 설명과 예시를 잘 해주셨습니다.\n머신러닝과 딥러닝이 짧은 시간안에 소화될 수 있는 내용이 아님에도,\n수강 레벨에 맞춰 많이 전달해 주시려고 해주시는 점도 좋았던것 같습니다.\n\n저는 추후에도 좀더 고급 레벨부분도 듣고 싶었습니다.\n감사합니다.']",https://taling.me/Talent/Detail/29659
93,데이터분석,[R중급] 심리/교육 통계 프로젝트가 막힌다면?!,Seongho Bae,"275,000원",총 5회 10시간,,['-'],['-'],https://taling.me/Talent/Detail/611
94,데이터분석,"(데이터공방) 이제는 엑셀말고 파이썬으로, ""파이썬 데이터 분석&시각화 하기""",Namsoo Jang,"1,320,000원",총 4회 12시간,,['-'],['-'],https://taling.me/Talent/Detail/21210
95,데이터분석,파이썬으로 대량의 데이터를 분석하고 시각화하기 (#파이썬 #데이터 분석 #데이터 시각화),권민지,"108,900원",총 1회 3시간,,['-'],['-'],https://taling.me/Talent/Detail/34665
96,데이터분석,기초부터 배우는 R 프로그래밍,황윤태,"495,000원",총 5회 15시간,,['-'],['-'],https://taling.me/Talent/Detail/5205
97,데이터분석,사회과학 응급 통계 분석/연구설계 코칭 LIVE,Seongho Bae,"440,000원",총 5회 20시간,,['-'],['-'],https://taling.me/Talent/Detail/704
98,데이터분석,"과학고,서울대 출신, 자격증다수보유! 데이터분석,Python,R,SQL 가르쳐드립니다. ",최수빈,"440,000원",총 4회 8시간,,['-'],['-'],https://taling.me/Talent/Detail/32805
99,데이터분석,"프로바둑기사도 이기지 못하는 알파고, 그 비밀을 파헤치다!",양진석,"440,000원",총 4회 8시간,,['-'],['-'],https://taling.me/Talent/Detail/23192
100,데이터분석,왜 내가 만든 머신러닝 모델은 잘 맞지 않을까? 미국의 IT 기업들도 놓치고 있는 머신러닝의 핵심 원리를 배우고 참여자 분들이 직면한 문제를 같이 고민하는 시간을 마련하고자 합니다.,최경돈,"440,000원",총 4회 8시간,,['-'],['-'],https://taling.me/Talent/Detail/17631
101,데이터분석,"[튜터전자책]프로바둑기사도 이기지 못하는 알파고, 그 비밀을 파헤치다!(67page)",양진석,"29,000원",총 1회 1시간,,['-'],['-'],https://taling.me/Talent/Detail/28094
102,데이터분석,[테스트] 테스트ㅎㅎㅎㅎㅎ,J,"110,000원",총 1회 1시간,,['-'],['-'],https://taling.me/Talent/Detail/16504
103,데이터분석,[2021년 9월 정규반 모집중! 입문자 R데이터 분석]  단계적으로 배우는 R 패키지,김종혁,"264,000원",총 4회 12시간,4.9,"['정은', '김민지', '황은율', '석유화', '김서현']","['이제야 리뷰 남기네요. 정말 너무너무 도움이 됐던 수업이었습니다! R 배우는 걸 포기할 뻔했는데 선생님 덕분에 자신감을 얻어갑니다 ㅠㅠ 한달동안 감사했습니다~~ R 배우고 싶은 분들에게 강추입니다~~!!!', 'R을 활용할 줄 알면 할 수 있는 영역이 많이 확장되니 배워야지..배워야지만 하고 책만사고.. 미루고미뤘다 강의를 수강하게 되었어요.\n정말 아무것도 모르고, 프로그램도 첫 날 설치했지만 기본부터 차곡차곡 튜터님이 지도해주셔서 R이 뭔지, 어떻게 활용할지, 그리고 앞으로 어떤 방향으로 발전시키면 될지에 대한 아이디어도 얻을 수 있게 되었어요.\n정말 하나하나 성심성의껏 지도해주셔서, 왜 이전에 수강안했지 할 정도? 수강생마다의 니즈도 다 다르지만 그 부분까지 생각해주시고, R에 대한 막연한 두려움과 망설임 모두를 없애주셔서 감사드려요. 배워볼까? 라는 생각이 드는 모든 분들께 추천드리는 강의입니다. ????????', '오늘 5월 과정이 끝나서 리뷰 남겨요!\n데이터 분석을 배우고 싶다는 생각으로 몇 가지 저만의 기준을 가지고 강좌를 찾다가 이거다 싶어서 신청했거든요 ㅎㅎ\n\n제 기준은 1) 비전공자도 수강할 수 있는가, 2) 커리큘럼이 괜찮은가, 3) 강의 시간이 적당하고 수강료가 합리적인가 였어요.\n\n결론적으로 저의 조건에 딱 맞았고, 강좌가 끝난 오늘까지 후회 없어요~ 데이터 분석이 무엇인지, 어디서 사용되고 어떻게 진행되는지 개괄적으로 다루어 볼 수 있었어요.\n이 강좌만으로 모든 걸 다 알고 바로 다음 날부터 응용할 수 있다고 과한 기대하시지만 않으면 충분히 만족하실거에요~\n\n개인적으로 저는 튜터님과 같이 듣는 분들 모두 다 좋은 분들이라 더더 좋았어요♡', '여러 관련 수업들어봤지만 해당 수업만큼 비전공자도 따라할수있고\n업무에 적용할수 있는 수업은 없었어요\n무척무척 만족스러운 수업이었습니다!!!\n앞으로 어떤식으로 공부해야할지도 감이 잡혔어요\n다음 심화수업 생기면 꼭 들을게요:)\n감사합니다!', '4주간 굉장히 많은 것을 배울 수 있었습니다. R을 기초부터 자세하게 배울 수 있었고, 이론에 대한 설명도 탄탄하게 갖추어져 있어서 좋았습니다. 저는 숙제도 매번 내주셔서 제가 제대로 이해했는지 체크할 수 있어서 좋았습니다. 공간도 깔끔하고 독립되어 있어서 이 시국에도 안심하고 수업을 들을 수 있었습니다. 수업 이후에 어떻게 공부해나가면 좋을 지에 대한 팁까지 얻어갈 수 있어 굉장히 만족스러웠습니다:)!']",https://taling.me/Talent/Detail/15143
104,컴퓨터공학,아두이노로 배우는 코딩 - 나도 코딩 할 수 있다!,OhSean,"66,000원",총 1회 3시간,5,"['이보희', '서병욱', 'Scarlet Ko', '오형규', '김남은']","['수업 너무 재미있었어요\n코딩 배우기 전에 전체적인 개념 잡기 좋다는 말에 덜컥 아두이노 키트 부터 샀다가.. 혼자 하려니 너무 막연하고 막막해서 도움 받을 수 있는 곳 이 없을까 하다가 신청하게 됐어요! 진짜 전반적인 개념, 느낌 잡을 수 있다는 말이 무슨말인지 알게 되었어요 그리고 더 심도 있게 아두이노를 만져보고 싶단 욕심이 났습니당 !! 복습하고 혼자 해봐야 좀 더 확실히 머릿속에 자리를 잡겠지만 정말 초보자 분들 한테 도움이 되는 거 같아용 재밌었습니다', '제가 개인적으로 하고 싶었던 프로젝트가 있어서 따로 여러 내용을 준비해 주셨어야 했는데, 경험이 많으신 분으로부터 여러 도움되는 내용을 들을 수 있었습니다. 앞으로 프로젝트 진행에 많은 도움이 될 것 같습니다!', '짧은 시간인지 긴시간인지 모르겟지만, ㅁ여해서 학습하는 동안에는 정말 정신없이 지나갔습니다. 새로운 시도 재미있었습니다. 성실히 해주셨어요 선생님 감사합니다', '코딩과 회로에 대한 지식이 초급수준이였는데 선생님께서 그에맞춰서 이해가 잘 되게 설명을 잘해주셨습니다~직접 회로를 꾸며보고 코드를 짜보면서 원리를 파악해 나갈수 있었습니다. 2-3명 팀수업으로도 진행할 수 있지만 저처럼 1인식으로 맞춤수업 진행도 가능합니다~추천드립니다~!', '키트도 무료로 빌려주시고 스터디룸비도 안받으셨어요\n비전공자도 쉽게 설명해주셔서 재밌누 수업이였어요\n수업 끝나시고 수업자료도 따로 주셔서 집에서 혼자 해볼수도있을꺼같아요ㅎ']",https://taling.me/Talent/Detail/8500
105,컴퓨터공학,춤추는 파이썬 - 4주만에 끝내는 웹 자동화와 크롤링/대구 [파이썬 활용편],Kijun Kwon,"66,000원",총 1회 2시간,5,['KimJaycob'],"['최고의 수업이었습니다. 면접을 앞두고 급하게 수강신청 했습니다. 까다로울 수 있는 요구였는데, 흔쾌히 응해주시고 수업도 진행해주셨습니다. 수업 중 필요한 모든 내용을 알려주시고, 또 차근차근 화면 공유로 알려주셔서 대면 과외보다 훨씬 도움이 많이 되었습니다.\n\n프로그래밍 수업이 유튜브나 인강으로 따라하면 놓치는 부분이 생겨서 굉장히 비효율적입니다. 이렇게 1:1로 수업하니 더할나위 없었습니다. 정말 감사합니다!!!!! 후기 잘 남기지 않는데, 너무 감사해서 깨진 휴대폰으로 결과물 사진까지 같이 올립니다 ㅎㅎ 면접 후에 기회가 된다면 또 뵙겠습니다 감사합니다!!!']",https://taling.me/Talent/Detail/26331
106,컴퓨터공학,"혼자 고민중인 알고리즘 문제, 함께 Java로 풀어드립니다.",김병건,"16,500원",총 1회 1시간,5,['이태훈'],"['제가 갑작스럽게 요청드린 문제도, 바로 라이브코딩으로 보여주시고 문제풀이도 이해가 쉽게 되게끔 그림으로 설명해주셔서 정말 좋았습니다.\n평소에 문제를 풀면서 풀리지 않았던 점들을 귀찮을 정도로 질문 드리고, 다 답변을 얻어서 덕분에 문제풀이에 대한 통찰력을 얻고 갑니다!']",https://taling.me/Talent/Detail/23634
107,컴퓨터공학,현직 빅데이터 엔지니어와 함께하는 빅데이터 Hadoop 입문 클래스 (2회차 진행),서니,"180,000원",총 2회 6시간,5,"['김기진', '김동욱', '은혁진', '김소희']","['필요로 했던 부분에 대해서 명확하게 설명해주셔서 많은 도움이 되었습니다. 너무 유익했던 시간이였습니다.', '수업진행 및 수업자료: 생소한 내용들을 초심자의 눈높이에 맞춘 잘 정리된 자료로 명쾌히 설명해주십니다.\n또한 이론을 바탕으로 직접 AWS을 활용한 실습 화면을 보여주시거나 수강생이 실습하는 화면을 같이 공유하면서 검토해주십니다.\n\n질문사항 및 커리어에 대한 상담능력: 수업 안에서 혹은 수업시간이 아닐 떄에도 질문에 최대한 빠르고 친절하게 응대해주십니다. 그리고 관련 직무에 대해 오해하고 있던 부분이나 취준,이직에 있어 필요한 핵심 부분들을 잘 정리해주셔서 앞으로의 방향설정에도 큰 도움이 되었습니다.\n\n결론: 데이터 분야에 인연이 없으셨던 분, IT 업종 종사자 분들, 취미로 익혀보고 싶으신 분들 등 각자의 베이스를 막론하고 수강할 수 있는 데이터엔지니어링 입문에 최적화된 강의이니 의지만 있으시다면 수업문의 or 수업신청에 주저마시길 바랍니다!', '하둡을 어떻게 설치하고 사용하는지 또 개념에 대해 처음듣는분들도 이해가 잘될만큼 쉽고 재밌게 잘 설명해주시는데 정신 차리니깐 강의가 끝나있네요ㅎㅎ 정말 도움이 많이 되었고 시간가는줄 모르고 수업에 빠져 들었어요! 감사했습니다 강사님~', '튜터님 열정적인 강의 감사합니다!\n하둡이 뭔지 구글링으로 이해하기 어려웠는데 수업 듣고 좀 감이 잡혔습니다 :)\n그리고 실습으로 일부 코드까지 작성할수 있어서 수업 내용이 더 오래 기억에 남을 것 같아요\n기회가 있으면 좀 더 긴 강의 신청해서 하둡 설치까지도 배우겠습니다!']",https://taling.me/Talent/Detail/35421
108,컴퓨터공학,12시간 완성 파이썬 기초반,윤인도,"660,000원",총 6회 12시간,,['-'],['-'],https://taling.me/Talent/Detail/38988
109,컴퓨터공학,[14기모집/선착순 1명!] 형식은 필요없다! 누구나 쉽게 웹 해킹 시작하기!,권현준,"316,800원",총 6회 18시간,4.9,"['문태웅', '김영균', '차현호', '이현성', '임원석']","['보안과 관련돼서 막연한 꿈만 가지고 삽집을 하던 도중 이 강의를 알게 되어 고민 후에 수강하게 되었습니다. 웹 해킹 분야에는 지식이 하나도 없던 제가 6주 후에는 혼자 도움 없이 SQL인젝션을 이용한 워 게임과 XSS를 이용한 워게임을 풀 수 있게 되었습니다. 관련 지식이 전혀 없어도 멘토님께서 다 알려주십니다. 수업 내용만 잘 이해하고 집에서 복습만 해주면 웹 해킹 분야에서 입문 이상의 효과를 볼 수 있었던 강의였습니다. 이뿐만이 아니라 수업이 끝나도 질문은 언제든지 받아주신다고 하시는데 웹 해킹에 입문하시고 싶은신 분들을 위한 최적의 강의입니다.', ""보안 관련 진로를 생각 중이었는데 해킹이나 보안 분야들은 다루는 곳이 없다보니, '해킹을 배우러 전문 기관에 갔을 때 만약 보안분야가 적성에 맞지 않으면 어쩌지?' 라는 고민을 하던 도중 괜찮은 강의를 추천받아서 수강하게 되었습니다. 튜터님께서 최대한 필요한 부분만 잘 요약하시고, 예를 들어서 쉽게 설명을 해주십니다. 컴퓨터 분야에 대해서도 폭 넓게 잘 알고 계셔서 컴퓨터 분야를 생각하는 수강생분들께도 좋은 조언을 해주십니다. 덕분에 진로에 대한 대략적인 계획이 생긴 것 같습니다ㅎㅎ"", '튜터님의 친절하고 자세한 설명과 딱정해진 커리큘럼이 아니라 수강생들의 실력에 맞춰서 튜터님이 수업을 바꿔서 진행해주시는게 좋았습니다.', '현업에 있는 전문성있는 튜터님이 수업을 진행해주셨습니다.\nSQL Injection과 XSS을 배웠으며, 개념설명부터 워게임 풀이까지 수업 이후 혼자 공부할 수 있는 수준까지 바로 끌어올려주는 좋은 강의입니다.\n제가 완전 처음 이 분야를 해보는 입문자임에도 튜터님이 강의내내 열정있게 가르쳐주셔서 짧은 시간안에 많은 내용을 배울 수 있어서 좋았습니다.', '웹해킹을 입문하는데 도움이 되는 클래스였습니다.\n강의를 통해 배운 기법은 2가지인데요. XSS 와 SQL Injection 입니다.\n\n비전공자이거나 네트워크 이론, HTML, PHP, SQL을 잘 알지 못하더라도 수업을 통해서 배우실 수 있습니다.\n\n왜 이런 취약점이 발생하는지, 어떤 식으로 문제를 접근하는지 초심자들도 이해할 수 있게 끈기있고 명쾌하게 설명을 잘 해주십니다.\n\n제 입장에서는 좀 더 깊게 들어가지 못해서 살짝은 아쉽지만 ㅎㅎ\n다시금 웹해킹에 대한 흥미를 얻을 수 있던 시간이었네요.\n\n좋은 강의 감사합니다! :)']",https://taling.me/Talent/Detail/2288
110,컴퓨터공학,[원데이] 프로그래밍이 겁나고 어렵다면?  3시간동안 체계적으로 배우는 C언어 코딩 기초!,박용현,"99,000원",총 1회 3시간,5,"['HY', 'Sungeun 圣恩', '현윤진', '허진', '이죠이']","['탈잉에서 듣는 첫 수업이라 고민이 많았는데 고민한 시간이 무색할만큼 정말 잘해주셨어요!! 커리큘럼에 없는 내용에 대해 계속 질문드리는데도 친절하게 대답해주시고, 관련 내용으로 수업까지 진행했는데 튜터님의 경험만큼 시야가 정말 넓으신게 느껴지더라구요. 수업뿐 아니라 여러가지를 배우고 느낄수 있어서 정말 좋았습니다. 고민하고 계신다면 빠르게 수업 들어보시는걸 추천드려요 :)', '용현 고수님이 커리큘럼에 없는 과외를 부탁드렸는데 잘 준비해주셔서 너무 감사합니다. 친절하게 하나하나 설명해주시고 더불어 바로 코딩을 찾고 직접 고치는 법을 보여주시기 때문에 실전적으로 도움이 되었습니다. 장소도 유연하게 조정해주셔서 편하게 과외를 받을 수 있었습니다.', '매번 수업 때 마다 수업 준비도 철저히 해오시고, 제가 부족한 부분은 따로 더 신경써서 이해할 수 있도록 도와주십니다!\n개념 하나하나 꼼꼼하게 숙지한 후에 넘어가고, 제가 따로 공부하는 부분도 여쭤보면 친절하게 알려주십니다~~ 제가 이해를 못하고 어려워하는 부분이 있으면 다음 시간에 따로 문제를 준비해 오시는 등 많은 도움을 주십니다.\n개념 설명 후 직접 문제를 풀어보는 방식이고 시간이 오래 걸려도 해결할 수 있도록 도와주십니다.\n개념 뿐만 아니라 진로나 다른 부분에 관해서도 상담도 잘 해주시고 도움 주려고 노력하셔서 감사할 때가 많습니다 :)\n쌤 커리큘럼 따라가면 기본적인 실력을 무조건 가져가실 수 있을거라 생각합니다.', '단순한 주입식 수업이 아닌 질답을 주고받는 식으로 수업을 진행하였습니다. 많은 정보와 스킬을 알고있으셔서 큰 도움을 받았습니다. 획일화된 수업보다 모르는 부분, 약점인 부분을 채우고자 하는 분들에게도 추천드립니다!', '문과생이지만 변해가는 사회트렌드에 대비해 프로그래밍에 관심을 갖게되었습니다. 3시간 수업이 정말 알차고 남는게 많은 수업이었습니다. 사실 아는것이 많아도 전달을 잘하는게 쉬운일이 아닌데, 선생님께서는 알고있는 지식을 수강생의 수준에 맞춰 잘 가르치신다는게 느껴졌습니다. 그래서 저같이 비전공자지만 프로그래밍에 관심있으신 분들에게 정말 강추합니다ㅎㅎ 앞으로도 선생님의 커리큘럼 따라가며 잘 배워갈 예정입니다!!']",https://taling.me/Talent/Detail/2787
111,컴퓨터공학,[無 경험자 가능] 하.루.만.에. 데이터분석/딥러닝 대회 입문 #캐글 대회,오정훈,"210,320원",총 4회 8시간,5,['김재휘(Chavo)'],['그저 갓갓... 데이터 입문을 원하시면 꼭 들으세요!'],https://taling.me/Talent/Detail/11963
112,컴퓨터공학,코드컨설팅 - 머신러닝 & 데이터 관련 파이썬 코드 컨설팅,최욱진,"272,800원",총 4회 8시간,5,"['혜림', '이지은', '김시아', '이채은', '한세영']","['친절하시고 꼼꼼하고 성실하게 잘 가르쳐 주십니다!', '튜터님께서 매우 친절하시고, 파이썬과 머신러닝 전반적인 내용에 관한 흥미를 갖게해주셔서 자신감이 많이 생긴것 같아요 ㅎㅎ 추천합니당', 'print(“맨손으로 배웠습니다”)\n\n파이썬의 파도 모르던 제가 이제는 어느정도 알아듣고 응용도 해볼 수 있어서 좋았어요 기계적으로 알려주시는 게 아니라 파이썬을 위한 사고력(?)을 길러주십니다 저처럼 파이썬 입문자들께 아주 좋은 강의인 것 같아요 추천드려요 :-) 무엇보다 친절하고 재밌는 강의에 처음으로 프로그래밍이 재밌는 것 같고 흥미롭게 수업을 진행했어요!!', '새해에는 의지가 불타서 신청했지만 박약이라 오락가락한 학생이었는데도 웃음을 잃지 않고 열과 성으로 가르쳐주십니다 막연하게 시작만 해야지 해야지 하다가 시작했는데 제 눈높이에 맞춰서 수업준비도 잘해주시고 그냥 넘어가는 법이 없어서 저보다 꼼꼼하게 수업진행하셔서 의지박약인 저도 자연스럽게 공부하게 하는 분 파이썬부터 머신러닝 그리고 데이터 까지 원하시는 분야에 커스터마이징 해서 수업하시려는 초보자분들께 추천!', '취준하는 초보자,코딩 젬병임\n질문을 많이하고 대답을 유도하면서 개념설명을 정말 철저하게 해줌\n더 맘에 드는 점은 이해를 할때까지\n물어보고 반복한다는 점임\n그냥 넘어가는 법이 없음\n처음엔 정말 힘듬 코딩적 사고를 잡는 다는 것이. 알아먹을 때까지 해주시니 돈이 아깝지 않음\n그리고 수업도 유두리 있게 진행하고 과제도 요청하면 다 알아서 해주심\n초보자한테 좋은 강의입니당']",https://taling.me/Talent/Detail/16632
113,컴퓨터공학,"이제 귀찮은 일은 전부 컴퓨터한테 시키자, Python 크롤링 & 자동화",JeongWoo  Choi,"264,000원",총 4회 12시간,,['-'],['-'],https://taling.me/Talent/Detail/304
114,컴퓨터공학,책 저자가 직접 강의하는 파이썬을 이용한 텍스트 마이닝 ,서대호,"594,000원",총 6회 18시간,,['-'],['-'],https://taling.me/Talent/Detail/5012
115,컴퓨터공학,할인이벤트 진행중~ [DB설계/SQL] 직접 떠먹여 주는 DB설계와 SQL쿼리 ~ 쉽게 배우세요 ,안성민,"462,000원",총 4회 12시간,5,"['Uno Lee', '익명', '이재원', 'Sungjun Han', 'Jeong Hyeon Woo']","['전문적인 지식을 열정적으로 잘 가르쳐 주셨습니다. 최고', '오늘이 세 번째 강의였습니다\n항상 약속시간보다 일찍 와계시고\n정말 1도 모르는 문외한인 학생에게\n맞춤형으로 자세히 알려주셔서 이젠 좀 알 것 같습니다\n\n회사에서 필요로하는 능력이라 따로 배우게됐는데\n너무나 생소했던 sql이었어요\n\n그런데\n\n처음에 개념잡기가 힘든데 잡을 수 있게 예시를 잘 들어주시고 직접해볼 수 있게 해주세요\n\n튜터님 정말 고맙습니다', '처음 배우는 사람도 알기 쉽게 설명해주시며 적절한 실습과 함께 응용하여 사용 가능한 실사용 쿼리들도 알려주시고 앞으로의 방향성에 대한 대책 또한 친절히 설명해주셔서 많은 도움이 되었습니다.', '경험이나 내공이 탁월하신것 같습니다~ 요청드린것 외에도 필요한 부분을 알아서 판단하셔서방향을 잘 잡아주셨습니다. 지속적으로 요청드리고 싶네요^^', '친절하고 이해하기 쉽게\n차근차근 데이터베이스에 대해서 설명해 주셨어요\n\n많이 배웠습니다. 감사합니다~!!']",https://taling.me/Talent/Detail/1771
116,컴퓨터공학,귀찮은 노가다 파이썬에게 맡기자 +크롤링 +업무자동화,이정택,"330,000원",총 4회 12시간,5,"['천선영', '한지혜', '이명성']","['파이썬 처음접하는 입문자인데 첫주에 기본적인 코드만드는방식배우고 두번째 수업때부터 실생활에도 유용한 프로그래밍 실습하면서 재밌게배웠어요! 크롤링하는거 배워서 회사에서 일할때도 적용해보고 막히면 따로 쌤한테 톡해서 물어보고 도움많이되었습니다 :) 심화과정있다면 더 배워보고싶어요', '추천드립니다!!! 파이썬이 뭔지 몰랐던 제가 크롤링까지 할 수 있었어용!\n\n먼저 선생님이 좋아요! 친절하시고 꼼꼼하셔서 제가 궁금한 것들 다 물어봐도 항상 알아듣기 쉽게 답변해주셨어요 :)\n\n그리고 수업 커리큘럼이 체계적이예요. 매 주차마다 정해진 커리큘럼이 있는데 그걸 따라가다보면 크롤링은 할 수 있어요! 저는 비전공자라 진도가 느려서 커리큘럼을 4주차만에 끝내지 못했지만 저의 속도에 맞춰서 조절해주셔서 더 좋았어요!!\n\n이 수업은 비전공자분들이라면 1:1로 들어도 좋을것 같아요!', '올해 입사한 사회초년생입니다.\n자료조사와 단순 업무가 많아서 본 업무를 할 시간이 부족해서 일을 효율적으로 하는 방법을 찾아보다 강의를 수강하게 됐습니다.\n\n코딩에 대한 경험이 없었지만, 강의 커리큘럼과 강의 소개가 마음에 들어 수업을 들었는데 강사님께서 강의 경험이 많은 것 같다는 느낌을 받았고, 특히 강의 자료가 엄청 자세히 나와 있어서 수업을 이해하고 혼자서 복습하는 데 큰 도움이 됩니다!\n\n목소리도 좋으시고 강의 전달력이 좋으셔서 수업 만족도가 높고, 특히 웹 크롤러나 업무 자동화 프로그램을 많이 만들어보셔서 그런지 제가 필요한 프로그램에 대해 여쭤보았을 때에도 간단하게 하는 방법을 알려주셔서 매우 좋았습니다!\n\n아직 수강 중이지만 혹시 나중에 필요하면 다시 무료 재수강도 가능하다고 해주셔서 한결 마음이 더 편해졌습니다!\n\n친구한테도 꼭 추천해주고 싶은 강의입니다!']",https://taling.me/Talent/Detail/23704
117,컴퓨터공학,자동화 프로그래밍을 위한 파이썬 알려드립니다,정위대,"100,000원",총 1회 2시간,,['-'],['-'],https://taling.me/Talent/Detail/25798
118,컴퓨터공학,"[프로젝트 상담 가능]아두이노,라즈베리파이로 나만의 전자장치 만들기(비대면)",소재환,"528,000원",총 6회 12시간,5,['홍덕'],['친절하게 a부터 z까지 알려주십니다! 프로젝트 진행하면서 궁금한 부분들이 전부 해결됬어요. 감사합니다 튜터님'],https://taling.me/Talent/Detail/3561
119,컴퓨터공학,"Python web framework, Django 코딩 기초 시작하기, 장고",Hyun-min Choi,"85,000원",총 1회 2시간,5,['오희묵'],['전문성을 갖추신 훌륭한 튜터이십니다.'],https://taling.me/Talent/Detail/12281
120,컴퓨터공학,Unity3D(유니티3D) 기초부터 실무까지,Jung Ho Park,"385,000원",총 5회 10시간,5,"['허용석', '오창훈']","['내공이 상당하십니다!\n수강생 수준에 맞게 쉽고 잘 설명해주세요~\n유니티 입문자들에게도 강력 추천합니다~', '현재 수강중인 학생입니다.\n저는 인문학과를 나온 비전공자입니다. 선생님의 강의는 매우 구성이 좋고, 강의 스타일도 친절하게 잘 가르쳐주십니다.\n비유도 잘 들어주시고, 예시도 잘들어주십니다.\n\n실제 작동과정을 하나하나 설명해주십니다. 너무빠르게 진행하는것보다 좋은점은\n저처럼 유니티 초보자들은 유니티 구성메뉴들이 무슨기능을하고 어떨때 사용하는지 1도 모르는데\n\n아주 간단하고 친절하게 잘 가르쳐주십니다.\n앞으로도 쭉 들을 의향도 있고, 초보자부터 하셔도 좋고 그 이상도 좋을것 같습니다.\n\n직업을 이쪽으로 관심이 많은 사람들이 들으면 좋고, 또 취업준비생에게도 좋은 강의라고 생각합니다.\n\n수강할때느 여러분이 제작하고 싶은 게임 하나를 염두하고 강의에 몰입하시면 더 좋습니다.\n\n** 내가 기획한 게임의 프로토타입이나 기본적인 템플릿 버전을 만든다고 생각하시면 더 많은 것들을 단기간에 배울 수 있다고 생각합니다.\n\n**인터넷이나 시중에 나온 좋은 책들을 봐도 좋습니다. 그러나 때때로 질문을 바로바로 하고 싶거나\n글이나 사진보다 실제 작업을 통해 배우는게 더 알맞는 사람도 있을것이고 제가 그런유형입니다.\n\n** 초보자들은 아무래도 전혀 1도 모르다보니까. 질문도 뭘해야하는지 모르는경우가 많습니다. 그런부분도 차근차근 짚어주시고\n예상되는 문제점도 함께 고려해주시니 정말 만족도 굿굿이에요\n\n추천해요']",https://taling.me/Talent/Detail/22135
121,컴퓨터공학,초보를 위한 파이썬 프로그래밍,Hobum Park,"220,000원",총 5회 10시간,5,['익명'],['코딩에 대해서 아무것도 모르고 시작했는데 강사분께서 처음부터 차근차근 가르쳐주셔서 도움이 많이 된 것 같아요ㅎㅎ\n그리고 코딩은 직접 해보면서 많이 는다고 들었는데 수업을 듣는 것 뿐만 아니라 매 수업시간마다 과제를 내주셔서 강사분께 과제에 대한 의문점을 보내면 하루 정도만에 바로바로 피드백을 보내주셨던 게 실력이 느는데 있어서 많이 도움이 된 것 같아요'],https://taling.me/Talent/Detail/4660
122,컴퓨터공학,단! 하루만에 유니티로 게임 만들기!,김찬,"120,000원",총 1회 3시간,,['-'],['-'],https://taling.me/Talent/Detail/29641
123,컴퓨터공학,나만의 IoT 무드등을 만들기(아두이노로 쉽게 배우는 코딩 입문),이상민,"297,000원",총 5회 15시간,,['-'],['-'],https://taling.me/Talent/Detail/11131
124,컴퓨터공학,[HTML5 게임] 컨스트럭트3로 누구나 쉽게 모바일 게임 만들기 [초중급반],이대희,"181,500원",총 1회 5시간,,['-'],['-'],https://taling.me/Talent/Detail/3430
125,컴퓨터공학,[랩뷰(LabVIEW)] 그림으로 프로그래밍하기,임성훈,"66,000원",총 1회 3시간,,['-'],['-'],https://taling.me/Talent/Detail/3354
126,컴퓨터공학,초보자도 배워서 바로 쓰는 빅데이터 R 입문 톡톡톡!,조성진,"352,000원",총 4회 16시간,,['-'],['-'],https://taling.me/Talent/Detail/26358
127,컴퓨터공학,누구나 편하고 빠르게 배우는 기초 C언어!,최태운,"198,000원",총 6회 12시간,,['-'],['-'],https://taling.me/Talent/Detail/15107
128,컴퓨터공학,취미로 앱 게임 만들기 1탄_50대 생애 첫 코딩 도전기_코딩 별거 아니구만 (179page),백오,"8,554원",총 1회 1시간,,['-'],['-'],https://taling.me/Talent/Detail/27686
129,컴퓨터공학,파이썬을 배우고싶은사람이 있다?! 뿌슝빠슝뿌슝,정재경,"132,000원",총 4회 8시간,,['-'],['-'],https://taling.me/Talent/Detail/10924
130,컴퓨터공학,"코딩교육, 소프트웨어교육 선생님이 되어보자!",김종훈,"440,000원",총 4회 8시간,,['-'],['-'],https://taling.me/Talent/Detail/10791
131,컴퓨터공학,SAP 실무 개발자가 알려주는 ABAP의 기초 부터 AVL,김이삭,"528,000원",총 6회 12시간,5,['검은백조'],"['우선, 제가 처음 학생이 아니라 약 수개월간 과외선생님으로서의 경력이 있으세요.\n그래서 그런지 커리큘럼도 재대로 짜여있어서 단계적으로 수업이 진행되어서 제 실력도 조금 씩 이지만 올라가는 느낌을 받고 있어요\n급하게 배우고 싶으신 분, 또는 느긋하게 배우실 분 어떤 분이든 좋은 선생님이 될것 같아요\n추천합니다~!']",https://taling.me/Talent/Detail/27706
132,컴퓨터공학,쉽게 배우는 AutoCAD 매뉴얼 배우기!!,허수연,"10,890원",총 1회 1시간,,['-'],['-'],https://taling.me/Talent/Detail/28243
133,컴퓨터공학,프로그래밍 [C/C++/Java] 과외 합니다!!,정성훈,"330,000원",총 6회 12시간,,['-'],['-'],https://taling.me/Talent/Detail/1444
134,컴퓨터공학,컴퓨터 수리업체 부른 나는 호갱인가요? 간단하게 내가 조치해보자 !!,차동곤,"10,000원",총 1회 1시간,,['-'],['-'],https://taling.me/Talent/Detail/38574
135,컴퓨터공학,카카오토 프로그램 입문/초급/중급 완전정복,허태인,"220,000원",총 4회 8시간,,['-'],['-'],https://taling.me/Talent/Detail/21440
136,컴퓨터공학,초보자도 따라하며 배우는 유니티 3D와 VR 환경,신호석,"11,000원",총 1회 1시간,,['-'],['-'],https://taling.me/Talent/Detail/38790
137,컴퓨터공학,"[ C언어 ] 5년차 현업개발자에게 배우는 프로그래밍 기초, 코딩 맞춤 수업",박영준,"33,000원",총 1회 2시간,5,"['유진', '성현동']","['안녕하세요~ 토요일에 수업 듣고 이렇게 리뷰 남깁니다^^. 학교에서 예전에 수업 들었는데도 기억도 잘 안 나고 어려워서 이렇게 찾아 들었어요! 특히 제가 링크드리스트를 몰라서 그 부분 집중해서 들었는데요~ 단순한 개념뿐 아니라 왜 이걸 써야 하는지, 원리와 이유부터 설명해 줘서 더 이해가 잘 되었네요~ 이번에는 제가 시간이 안 되어서 원데이 클래스로 들었는데요ㅜ 기회가 되면 재수강으로 또 뵈어요!', '수업 다 끝나서 후기 남깁니다:)\n수업 듣기전엔 C를 모르는건 아닌데 문법 이해를 제대로 하지 못하고 막 부딪혔었요\n이번에 수업 들으면서 배열 포인터 구조체 개념 확실하게 잡은것 같습니다\n제공하시는 자료도 논리흐름따라 잘 정리되어 있고 질문도 그자리에서 막 쏟아내는데도 막힘없이 답변해주서서 만족스러웠습니다\n그리고 무엇보다 실무자라서 문법의 강약조절은 물론 진로상담까지도 가능했던것 같아요 잘들었습니다:)']",https://taling.me/Talent/Detail/13793
138,컴퓨터공학,"(데이터공방) ""하마터면 야근할 뻔 했어"" 파이썬 첫 코딩으로 인스타 게시글 수집하기",Namsoo Jang,"792,000원",총 4회 12시간,,['-'],['-'],https://taling.me/Talent/Detail/20697
139,컴퓨터공학,초보를 위한 C프로그래밍,Hobum Park,"220,000원",총 5회 10시간,5,['박민석'],"['반신반의하며 첫 수업에 참여했습니다. 걱정과 다르게 정말 유익한 시간이었습니다. 수업전달력, 깊이 그리고 개인실력에 있어서도 어느하나 부족함 없었습니다! 감사합니다']",https://taling.me/Talent/Detail/4661
140,컴퓨터공학,[1월 주말반 모집중(비대면)] 비전공자를 위한 파이썬,Junkyu Park,"220,000원",총 4회 8시간,4.7,"['이남용', '안승섭', '박우경', '익명', '최우석']","['난생처음 파이썬이라는것을 박준규 강사님께 처음 배웠습니다. 그리고 깨달았습니다. 파이썬을 앞으로 더 공부해야겠다고 코딩입문자, 비전공자에게 파이썬의 세계로 안내해주신 강사님 수업 너무나 훌륭합니다.', '기초부터 차근차근 가르쳐 주시고 전에 배웠던 것도 친절히 상기시켜 주셔서 초보자들에게 딱 적합한 수업인 것 같습니다!\n또 수업 이외에 따로 공부한 부분도 질문하시면 친절히 설명해주십니다!\n파이썬을 이제 막 시작하시려는 분들은 꼭 들어보길 추천드립니다', '파이썬에 국한되지 않고 조건문, 반복문 등에 대한 개념을 잘 설명해주신 점이 가장 많이 도움이 되었습니다.\n커리큘럼도 수강생이 원하는 방향으로 조율해주시고,\n수업 마다 예제도 충실하게 준비해주셔서 복습하면서 자연히 익숙해질 수 있어서 매우 유익했습니다.', '4회동안 파이썬을 더 잘 알 수 있는 강의였습니다. 파이썬을 모르는 상태에서 어렵지 않게 흥미를 더 가질 수 있게 해주신 점이 정말 좋았던 것 같습니다. 파이썬을 배우고 싶지만 어려울까 망설였던 분들, 금방 그만둘까 걱정되시는 분들께 적극 추천합니다!', '4회에 적합한 커리큘럼으로 수업을 구성하시고 수강생들이 쉽게 이해할 수 있도록 자세히 설명해주십니다! 또한 질문사항에 대해 자세한 답변을 빠른 시간내로 주십니다! 파이썬 공부를 시작하시려는 분들에게 매우 추천드립니다ㅎㅎ']",https://taling.me/Talent/Detail/2087
141,컴퓨터공학,"[Python, C, 1:1 맞춤] 아무것도 몰라도 가능 !",한현철,"275,000원",총 5회 10시간,,['-'],['-'],https://taling.me/Talent/Detail/16146
142,컴퓨터공학,[컴공이 c언어가 어렵다?] [학생부종합대비],강민준,"193,600원",총 4회 8시간,,['-'],['-'],https://taling.me/Talent/Detail/7699
