,카테고리,제목,강사,가격,평점,리뷰,URL
1,웹 프로그래밍 - 프로그래밍,HTML5 & CSS3 기초 문법 올인원,개발자 이도해,0,5.0,,https://edu.goorm.io/lecture/28488/html5-css3-기초-문법-올인원
2,프로그래밍 - 프로그래밍 기초,컴퓨터 GUI 앱을 만들면서 tkinter 배우기,행보칸코딩,0,5.0,,https://edu.goorm.io/lecture/28428/컴퓨터-gui-앱을-만들면서-tkinter-배우기
3,웹 프로그래밍 - 프로그래밍,[하루10분|Web-App] 생애최초 웹프레임워크 Ruby on Rails,판다코딩,0,5.0,,https://edu.goorm.io/lecture/28494/하루10분-web-app-생애최초-웹프레임워크-ruby-on-rails
4,프로그래밍 - 프로그래밍 기초,실전!웹사이트제작 Step By Step! (Basic 강좌 : 쌩초보 코스),J.young,10000,0.0,,https://edu.goorm.io/lecture/28099/실전-웹사이트제작-step-by-step-basic-강좌-쌩초보-코스
5,웹 프로그래밍 - 프로그래밍,실전!웹사이트제작 Step By Step! (클론코딩 : 포메인사이트제작 - 풀페이지),J.young,28000,0.0,,https://edu.goorm.io/lecture/28100/실전-웹사이트제작-step-by-step-클론코딩-포메인사이트제작-풀페이지
6,웹 프로그래밍 - 프로그래밍,실전!웹사이트제작 Step By Step! (클론코딩 : crew a la Mode 사이트제작 - 반응형웹),J.young,28000,0.0,,https://edu.goorm.io/lecture/28057/실전-웹사이트제작-step-by-step-클론코딩-crew-a-la-mode-사이트제작-반응형웹
7,프로그래밍 - 인공지능,퇴근후 텐서플로: Basic,퇴근후딴짓,0,5.0,"""친절한 설명 👍 굳!!""",https://edu.goorm.io/lecture/28058/퇴근후-텐서플로-basic
8,웹 프로그래밍 - 프로그래밍,입문자를 위한 CSS 기초 강의,유노코딩,0,5.0,"""ㅇ""",https://edu.goorm.io/lecture/27976/입문자를-위한-css-기초-강의
9,웹 프로그래밍 - 프로그래밍,입문자를 위한 HTML 기초 강의,유노코딩,0,5.0,"""너무 친절하고 자세하게 설명해주셔서 이해가 잘되고 너무 유익한 강의같습니다!""",https://edu.goorm.io/lecture/27971/입문자를-위한-html-기초-강의
10,웹 프로그래밍 - 프로그래밍,Vuetify Admin Template 만들기 - 실전편,짐코딩 GYM CODING,0,0.0,,https://edu.goorm.io/lecture/27961/vuetify-admin-template-만들기-실전편
11,웹 프로그래밍 - 프로그래밍,Vuetify Admin Template 만들기 - 기본편,짐코딩 GYM CODING,0,0.0,,https://edu.goorm.io/lecture/27955/vuetify-admin-template-만들기-기본편
12,프로그래밍 - 모바일 프로그래밍,[애플 공식 교재] iOS 앱 만들기 Part2,코더스하이,38500,5.0,"""좋은 강의 감사합니다""",https://edu.goorm.io/lecture/26757/애플-공식-교재-ios-앱-만들기-part2
13,프로그래밍 - 프로그래밍 기초,Jupyter Notebook으로 시작하는 Python,박범진,0,5.0,"""잘 수강합니다""",https://edu.goorm.io/lecture/26535/jupyter-notebook으로-시작하는-python
14,웹 프로그래밍 - 프로그래밍,[저자 직강] Do it! HTML/CSS/JS 웹 표준의 정석,이지스퍼블리싱,0,4.9,"""알아듣기 쉽게 친절하게 설명해주시네요^^""",https://edu.goorm.io/lecture/26571/저자-직강-do-it-html-css-js-웹-표준의-정석
15,프로그래밍 - 인공지능,넘파이 마스터 클래스,Shin's Lab,35640,0.0,,https://edu.goorm.io/lecture/26505/넘파이-마스터-클래스
16,웹 프로그래밍 - 프로그래밍,김버그의 UI 개발 부트캠프 - 경력같은 신입으로 레벨업,김버그,50000,5.0,"""사랑합니다,,, 김버그님,, 버그님께서는 제 인생을 구원하셨어요.  저만 듣고 싶으면서도 동네방네 소문내고 싶은 강의입니다.""",https://edu.goorm.io/lecture/25681/김버그의-ui-개발-부트캠프-경력같은-신입으로-레벨업
17,프로그래밍 - 프로그래밍 기초,"가볍게 시작하는 C언어, 라이트 C",범고래의 SW 공작소,0,4.6,"""5강 째 듣고 있는데, 이렇게 초보자를 위해 무료로 강의를 열어주셔서 감사드립니다. 교재도 딱 필요한 기본적인 내용만 컴팩트하게 들어있어 좋습니다. 강의 또한 예제 위주로 진행해 주셔서 이해가 잘 됩니다. 앞으로도 잘 부탁드립니다!""",https://edu.goorm.io/lecture/25515/가볍게-시작하는-c언어-라이트-c
18,프로그래밍 - 데이터 추출/분석,빅데이터분석기사 필기 2021,핵집,160000,0.0,,https://edu.goorm.io/lecture/26125/빅데이터분석기사-필기-2021
19,프로그래밍 - 보안,ESXi 가상 인프라 구축과 보안 솔루션을 활용한 이상징후 탐지 모니터링,보안프로젝트,198000,0.0,,https://edu.goorm.io/lecture/26302/esxi-가상-인프라-구축과-보안-솔루션을-활용한-이상징후-탐지-모니터링
20,웹 프로그래밍 - 프로그래밍,누구나 블로그 개발 할 수 있다! React 기반 Gatsby로 기술 블로그 개발하기,주현도,0,5.0,"""좋아요 """,https://edu.goorm.io/lecture/25881/누구나-블로그-개발-할-수-있다-react-기반-gatsby로-기술-블로그-개발하기
21,웹 프로그래밍 - 프로그래밍,실전! 웹사이트 제작 Step by Step - 호텔 라한 Application Course,J.young,27500,3.0,,https://edu.goorm.io/lecture/26324/실전-웹사이트-제작-step-by-step-호텔-라한-application-course
22,프로그래밍 - 인공지능,딥러닝 네트워크의 연산,Shin's Lab,39000,0.0,,https://edu.goorm.io/lecture/26039/딥러닝-네트워크의-연산
23,프로그래밍 - 데이터 추출/분석,데이터 시각화를 위한 파이썬,Shin's Lab,39000,0.0,,https://edu.goorm.io/lecture/24603/데이터-시각화를-위한-파이썬
24,프로그래밍 - 인공지능,딥러닝을 위한 파이썬 레벨2,Shin's Lab,39000,0.0,,https://edu.goorm.io/lecture/26038/딥러닝을-위한-파이썬-레벨2
25,프로그래밍 - 인공지능,딥러닝을 위한 파이썬 레벨1,Shin's Lab,35100,0.0,,https://edu.goorm.io/lecture/26037/딥러닝을-위한-파이썬-레벨1
26,프로그래밍 - 보안,모의해킹 취업 준비하는데 알아두면 좋은 것,보안프로젝트,0,0.0,,https://edu.goorm.io/lecture/25879/모의해킹-취업-준비하는데-알아두면-좋은-것
27,프로그래밍 - 프로그래밍 기초,파이썬 개발자를 위한 go언어 기초,행보칸코딩,0,4.5,"""go 언어는 처음 접해보는데 익숙한 파이썬과 비교해주시니 더욱 쉽게 이해할 수 있을 것 같아요!""",https://edu.goorm.io/lecture/25552/파이썬-개발자를-위한-go언어-기초
28,웹 프로그래밍 - 프로그래밍,[하루 10분|Web Project] HTML/JS/CSS로 나만의 MBTI 사이트 만들기,판다코딩,0,4.9,"""굿""",https://edu.goorm.io/lecture/25652/하루-10분-web-project-html-js-css로-나만의-mbti-사이트-만들기
29,웹 프로그래밍 - 프로그래밍,React & TypeScript & GraphQL 로 버그없이 빠르게 개발하기!,Alucard,25000,2.5,,https://edu.goorm.io/lecture/25571/react-typescript-graphql-로-버그없이-빠르게-개발하기
30,프로그래밍 - 인공지능,파이썬으로 구현하는 CF 알고리즘,최욱진,35100,4.8,"""수업 내용이 알차고 좋네요!!! 재밌게 잘 들었습니다~~ㅎㅎㅎ""",https://edu.goorm.io/lecture/25544/파이썬으로-구현하는-cf-알고리즘
31,프로그래밍 - 프로그래밍 기초,[하루 10분|C++] 누구나 쉽게 배우는 C++ 프로그래밍 입문,판다코딩,0,5.0,"""c++ 전체적인 부분을 이해할 수 있게 된것같아요. 물론 자세히 파고들면 더 배울 부분이 많겠지만 미리 맛만 보기에는 좋네요!! 다만 7, 8강 넘어가면서부터는 난이도가 너무 올라가서 이해하기 살짝 힘들지만 많이 보다 보면 익숙해질거라고 생각하고 들었어요!""",https://edu.goorm.io/lecture/25274/하루-10분-c-누구나-쉽게-배우는-c-프로그래밍-입문
32,프로그래밍 - 프로그래밍 교양,[2021 개정] IT 웹 개발자 취준 백서,컴공돌이,10000,3.0,"""좋은 강의 감사합니다 윙""",https://edu.goorm.io/lecture/25207/2021-개정-it-웹-개발자-취준-백서
33,프로그래밍 - IoT,"HAL, CubeMX, TrueSTUDIO를 이용한 STM32F4 따라하기 무료 강좌",박원엽,0,0.0,,https://edu.goorm.io/lecture/25454/hal-cubemx-truestudio를-이용한-stm32f4-따라하기-무료-강좌
34,웹 프로그래밍 - 프로그래밍,작정하고 django! 핀터레스트 만들기,박형석,77000,5.0,"""장고 강의 많이 없는데 간결하고 내용 너무 좋네요!""",https://edu.goorm.io/lecture/25441/작정하고-django-핀터레스트-만들기
35,웹 프로그래밍 - 프로그래밍,CentOS 7 설치부터 웹서버 구축까지,zzstudio-dev,0,5.0,""" ㄴㅇㅇ""",https://edu.goorm.io/lecture/25119/centos-7-설치부터-웹서버-구축까지
36,웹 프로그래밍 - 프로그래밍,문법책 졸업하자! 만들면서 복습하는 JavaScript,강태공,49000,5.0,"""너무 좋아요 """,https://edu.goorm.io/lecture/25046/문법책-졸업하자-만들면서-복습하는-javascript
37,웹 프로그래밍 - 프로그래밍,"파이썬 웹 스크래핑, 제가 가진 모든 비법을 알려드리겠습니다.",나도코딩,0,5.0,"""모든 강의가 흥미로웠고 파이썬에 대한 지식과 기술을 습득할 수 있었습니다. 마지막 프로젝트 강의를 듣기 전에 혼자서 구현을 먼저 해보고 강의를 들으며 제 코드와 비교를 해보았습니다. 덕분에 파이썬 기술의 수준이 올라간 것 같습니다. 정말 유익한 시간이었습니다.   """,https://edu.goorm.io/lecture/24961/파이썬-웹-스크래핑-제가-가진-모든-비법을-알려드리겠습니다
38,웹 프로그래밍 - 프로그래밍,코딩 입문 - 하다 보니 알게 되는 자바스크립트,월리,0,5.0,"""이해 잘됩니다""",https://edu.goorm.io/lecture/24963/코딩-입문-하다-보니-알게-되는-자바스크립트
39,프로그래밍 - 블록 프로그래밍,2021 온라인 코딩 파티 시즌1 - 블록 코딩 용사가 되자!!!,구름,0,4.7,"""캐릭터가 없어지는 버그 때문에 못하겠어요""",https://edu.goorm.io/lecture/24788/2021-온라인-코딩-파티-시즌1-블록-코딩-용사가-되자
40,프로그래밍 - 프로그래밍 기초,2021 온라인 코딩 파티 시즌1 - 텍스트 코딩 용사가 되자!!!,구름,0,4.8,"""jhgvkhjb""",https://edu.goorm.io/lecture/24789/2021-온라인-코딩-파티-시즌1-텍스트-코딩-용사가-되자
41,프로그래밍 - 데이터 추출/분석,2021 온라인 코딩 파티 시즌1 - 파이썬 데이터 분석 및 시각화!!!,구름,0,5.0,""":))))""",https://edu.goorm.io/lecture/24790/2021-온라인-코딩-파티-시즌1-파이썬-데이터-분석-및-시각화
42,프로그래밍 - 블록 프로그래밍,"2021 온라인 코딩 파티 시즌1 - 둘이서 코딩, 거북선과 척후선!!!",구름,0,4.6,"""와우 너무 재밌어요 """,https://edu.goorm.io/lecture/24791/2021-온라인-코딩-파티-시즌1-둘이서-코딩-거북선과-척후선
43,프로그래밍 - 블록 프로그래밍,2021 온라인 코딩 파티 시즌1 - 코딩랜드를 구하라!!!,구름,0,5.0,"""똥싸세요""",https://edu.goorm.io/lecture/24792/2021-온라인-코딩-파티-시즌1-코딩랜드를-구하라
44,프로그래밍 - 프로그래밍 기초,2021 온라인 코딩 파티 시즌1 - 도전 틱택토!!!,구름,0,5.0,"""ㅋㅋ 심심풀이로 들어봤는데 재밌네요.""",https://edu.goorm.io/lecture/24793/2021-온라인-코딩-파티-시즌1-도전-틱택토
45,프로그래밍 - 프로그래밍 기초,[애플 공식 교재] 스위프트 퍼즐 2 - AD free,코더스하이,11000,0.0,,https://edu.goorm.io/lecture/24597/애플-공식-교재-스위프트-퍼즐-2-ad-free
46,프로그래밍 - 프로그래밍 기초,[애플 공식 교재] 스위프트 퍼즐 1 - AD free,코더스하이,11000,0.0,,https://edu.goorm.io/lecture/24579/애플-공식-교재-스위프트-퍼즐-1-ad-free
47,웹 프로그래밍 - 프로그래밍,스프링부트 개념정리,데어 프로그래밍,0,4.8,"""개념잡기에 너무 좋습니다""",https://edu.goorm.io/lecture/24604/스프링부트-개념정리
48,웹 프로그래밍 - 프로그래밍,스프링부트 나만의 블로그 만들기,데어 프로그래밍,0,5.0,"""설명이 너무 잘되어있어요 """,https://edu.goorm.io/lecture/24605/스프링부트-나만의-블로그-만들기
49,웹 프로그래밍 - 프로그래밍,스프링부트 시큐리티 특강,데어 프로그래밍,0,5.0,,https://edu.goorm.io/lecture/24606/스프링부트-시큐리티-특강
50,웹 프로그래밍 - 프로그래밍,[따라하며 배우는 리액트&파이어베이스] 채팅 애플리케이션 만들기,John Ahn,31900,4.2,"""중반정도 듣고 있는데 아무래도 채팅 기능 구현에 중점을 둔 내용이다 보니 사용하는 다른 라이브러리에 대해 자세한 설명이 곁들여지지 않아 아쉽습니다. 예를 들어, react-hook-form이 어떤 부분에서 성능이 좋은지... 해당 라이브러리를 사용하면 재렌더링 횟수가 많이 줄어드는 부분을 리액트의 제어 컴포넌트와 비제어 컴포넌트에 연관해서 추가 설명이 필요할 거 같은데, 이런 부분들이 빠른 진행을 위해 간단하게 설명하고(""성능이 좋다""DELIMITER111  ""이 라이브러리는 ref를 사용하는 방식이다"" 식으로) 넘어가는 거 같아 아쉽습니다.   그림으로 컴포넌트 구조등을 설명해주신 자료가 굉장히 좋습니다. 한눈에 보기에 정말 편리합니다.  완강 후에 수강평 다시 작성하겠습니다.""",https://edu.goorm.io/lecture/24672/따라하며-배우는-리액트-파이어베이스-채팅-애플리케이션-만들기
51,웹 프로그래밍 - 프로그래밍,실전! 웹사이트 제작 Step by Step Basic Course - 한국소비자원,J.young,11000,5.0,,https://edu.goorm.io/lecture/24580/실전-웹사이트-제작-step-by-step-basic-course-한국소비자원
52,웹 프로그래밍 - 프로그래밍,실전! 웹사이트 제작 Step by Step Basic Course - '돕다' 웹사이트,J.young,22000,5.0,,https://edu.goorm.io/lecture/24581/실전-웹사이트-제작-step-by-step-basic-course-돕다-웹사이트
53,프로그래밍 - 기타,생산성 UP! R과 파이썬으로 하는 문서 자동화,Issac Lee,0,0.0,,https://edu.goorm.io/lecture/24475/생산성-up-r과-파이썬으로-하는-문서-자동화
54,프로그래밍 - 프로그래밍 기초,가위바위보 게임을 만들며 맛보는 파이썬3,구름,0,4.9,"""very good""",https://edu.goorm.io/lecture/24499/가위바위보-게임을-만들며-맛보는-파이썬3
55,프로그래밍 - 알고리즘,실전 유형 코딩 테스트 모의고사 3000 Part2,구름,50000,3.0,,https://edu.goorm.io/lecture/24058/실전-유형-코딩-테스트-모의고사-3000-part2
56,프로그래밍 - 데이터 추출/분석,SQL과 구글시트로 시작하는 데이터분석,박범진,19800,5.0,,https://edu.goorm.io/lecture/24342/sql과-구글시트로-시작하는-데이터분석
57,프로그래밍 - 알고리즘,실전 유형 코딩 테스트 모의고사 3000 Part1,구름,50000,5.0,,https://edu.goorm.io/lecture/24057/실전-유형-코딩-테스트-모의고사-3000-part1
58,웹 프로그래밍 - 프로그래밍,신입 개발자로 살아남기 Lv1. 나만의 기술 블로그로 관리하는 개발자 커리어,원혜린,39000,4.6,"""go""",https://edu.goorm.io/lecture/23072/신입-개발자로-살아남기-lv1-나만의-기술-블로그로-관리하는-개발자-커리어
59,프로그래밍 - 데브옵스,리눅스 쉘 스크립트 마스터,홍영기,99000,0.0,,https://edu.goorm.io/lecture/24102/리눅스-쉘-스크립트-마스터
60,프로그래밍 - 모바일 프로그래밍,[애플 공식 교재] iOS 앱 만들기 Part1,코더스하이,38500,5.0,"""유익해요""",https://edu.goorm.io/lecture/24101/애플-공식-교재-ios-앱-만들기-part1
61,프로그래밍 - 모바일 프로그래밍,[애플 공식 교재] iOS 앱 만들기 입문,코더스하이,38500,5.0,"""재밌고 알아듣기 쉽게 설명해주셔서 너무 좋습니다 !""",https://edu.goorm.io/lecture/23901/애플-공식-교재-ios-앱-만들기-입문
62,프로그래밍 - 데이터 추출/분석,파이썬으로 하는 데이터 분석 - Pandas 제대로 배우기,아이티고,36000,0.0,,https://edu.goorm.io/lecture/23732/파이썬으로-하는-데이터-분석-pandas-제대로-배우기
63,프로그래밍 - 모바일 프로그래밍,[2020 NEW] 코틀린 기반 안드로이드 앱 개발 Part3 - 데이터 관리와 네트워크,소프트캠퍼스,66000,0.0,,https://edu.goorm.io/lecture/23730/2020-new-코틀린-기반-안드로이드-앱-개발-part3-데이터-관리와-네트워크
64,프로그래밍 - 모바일 프로그래밍,[2020 NEW] 코틀린 기반 안드로이드 앱 개발 Part2 - 메뉴와 4대 구성요소,소프트캠퍼스,66000,0.0,,https://edu.goorm.io/lecture/23729/2020-new-코틀린-기반-안드로이드-앱-개발-part2-메뉴와-4대-구성요소
65,프로그래밍 - 데이터 추출/분석,파이썬 기반 판다스(Pandas)를 활용한 데이터 분석,소프트캠퍼스,66000,0.0,,https://edu.goorm.io/lecture/23731/파이썬-기반-판다스-pandas-를-활용한-데이터-분석
66,웹 프로그래밍 - 프로그래밍,한 눈에 끝내는 CSS/JS 애니메이션,구름,59000,5.0,,https://edu.goorm.io/lecture/17509/한-눈에-끝내는-css-js-애니메이션
67,프로그래밍 - 모바일 프로그래밍,현직 개발자가 알려주는 안드로이드 코틀린 앱 제작,홍드로이드,0,4.8,"""간단하고 쉬워서 좋아요!""",https://edu.goorm.io/lecture/23399/현직-개발자가-알려주는-안드로이드-코틀린-앱-제작
68,프로그래밍 - 프로그래밍 기초,현직 개발자가 알려주는 자바 기초 문법,홍드로이드,0,5.0,"""good!""",https://edu.goorm.io/lecture/23398/현직-개발자가-알려주는-자바-기초-문법
69,프로그래밍 - 알고리즘,실전 유형 코딩 테스트 모의고사 3000,구름,100000,0.0,,https://edu.goorm.io/lecture/23503/실전-유형-코딩-테스트-모의고사-3000
70,프로그래밍 - 데이터 추출/분석,파이썬으로 하는 데이터 분석 - 시각화 제대로 배우기,아이티고,40000,0.0,,https://edu.goorm.io/lecture/23405/파이썬으로-하는-데이터-분석-시각화-제대로-배우기
71,프로그래밍 - 인공지능,[온라인 SW 아카데미] 너도 할 수 있어! AI 만들기,세명컴퓨터고등학교장,0,5.0,"""감사합니다.""",https://edu.goorm.io/lecture/22325/온라인-sw-아카데미-너도-할-수-있어-ai-만들기
72,프로그래밍 - 보안,[온라인 SW 아카데미] 컴린이도 화이트해커가 될 수 있다?!,세명컴퓨터고등학교장,0,5.0,"""꼭 입학 할겁니다""",https://edu.goorm.io/lecture/22341/온라인-sw-아카데미-컴린이도-화이트해커가-될-수-있다
73,프로그래밍 - 게임 개발,[온라인 SW 아카데미] 유니티로 배우는 게임 프로그래밍 기초,세명컴퓨터고등학교장,0,5.0,"""이해가 잘되는 강의입니다.""",https://edu.goorm.io/lecture/22342/온라인-sw-아카데미-유니티로-배우는-게임-프로그래밍-기초
74,프로그래밍 - 기타,[온라인 SW 아카데미] 스마트폰 센서 제어를 위한 앱(app) 개발,세명컴퓨터고등학교장,0,5.0,"""좋아요""",https://edu.goorm.io/lecture/22344/온라인-sw-아카데미-스마트폰-센서-제어를-위한-앱-app-개발
75,프로그래밍 - 알고리즘,파이썬으로 배우는 알고리즘 기초,주니온,0,5.0,""" """,https://edu.goorm.io/lecture/22654/파이썬으로-배우는-알고리즘-기초
76,웹 프로그래밍 - 프로그래밍,"그림으로 배우는 HTML-CSS, 입문!",홍팍,19800,5.0,"""좋아요""",https://edu.goorm.io/lecture/22109/그림으로-배우는-html-css-입문
77,프로그래밍 - 알고리즘,비타알고와 정보올림피아드 준비하기 with 모의고사,구름,80000,0.0,,https://edu.goorm.io/lecture/22442/비타알고와-정보올림피아드-준비하기-with-모의고사
78,프로그래밍 - 데브옵스,따라하며 배우는 도커와 CI환경,John Ahn,24200,5.0,"""단순 사용법 뿐만아닌 원리까지 설명해주시려는 모습이 넘 좋습니다!!""",https://edu.goorm.io/lecture/22383/따라하며-배우는-도커와-ci환경
79,프로그래밍 - 프로그래밍 기초,"그림으로 배우는 자바, 객체지향!",홍팍,19800,4.9,"""작년 무료강의듣고 너무 좋아서 다시 찾아왔습니다!! 무료가 너무 잘되있어서 유료로 듣기를 고민 했는데 그외 구체적인 예시들이 나오면서 진작 유료도 들을껄이란 생각이 듭니다!! 제발...다른 언어도 내주세요 선생님....ㅠㅠ""",https://edu.goorm.io/lecture/22108/그림으로-배우는-자바-객체지향
80,프로그래밍 - 프로그래밍 기초,"그림으로 배우는 자바, 입문!",홍팍,19800,4.8,"""챕터별로 짧고 굵게 잘 설명해주셔서 너무 좋아요""",https://edu.goorm.io/lecture/22087/그림으로-배우는-자바-입문
81,웹 프로그래밍 - 프로그래밍,한 눈에 보는 타입스크립트,영웅박,0,5.0,"""이해하기 쉽게 설명이 잘되어 있습니다.""",https://edu.goorm.io/lecture/22106/한-눈에-보는-타입스크립트
82,프로그래밍 - 프로그래밍 기초,[애플 공식 교재] 스위프트 퍼즐 2,코더스하이,0,0.0,,https://edu.goorm.io/lecture/22013/애플-공식-교재-스위프트-퍼즐-2
83,프로그래밍 - 프로그래밍 기초,[애플 공식 교재] 스위프트 퍼즐 1,코더스하이,0,0.0,,https://edu.goorm.io/lecture/21987/애플-공식-교재-스위프트-퍼즐-1
84,프로그래밍 - 프로그래밍 기초,"코린아, 코딩하자! with 파이썬",주니온,0,4.5,"""선생님 인상도 너무 좋으시고, 파이썬 완전 처음인데 이해도 잘되네요~ 감사합니다. 아직 갈 길이 멀지만 열심히 해보겠습니다!""",https://edu.goorm.io/lecture/21975/코린아-코딩하자-with-파이썬
85,프로그래밍 - 프로그래밍 기초,무료 파이썬 활용편2 - GUI 프로그래밍,나도코딩,0,5.0,"""자세한 설명과 풍부한 예제. 좋습니다.""",https://edu.goorm.io/lecture/21780/무료-파이썬-활용편2-gui-프로그래밍
86,프로그래밍 - IoT,아두이노 시뮬레이터  - 팅커캐드 서킷,메이커멘토,0,5.0,"""너무 쉽게 이해하기 쉬웠어요~!! """,https://edu.goorm.io/lecture/21770/아두이노-시뮬레이터-팅커캐드-서킷
87,프로그래밍 - 모바일 프로그래밍,안드로이드 앱 개발로 배우는 자바 코딩 기초,Denis Jung,19000,5.0,,https://edu.goorm.io/lecture/21383/안드로이드-앱-개발로-배우는-자바-코딩-기초
88,웹 프로그래밍 - 프로그래밍,한 눈에 읽는 루비 온 레일즈,구름,0,4.9,"""굳""",https://edu.goorm.io/lecture/16335/한-눈에-읽는-루비-온-레일즈
89,프로그래밍 - 프로그래밍 기초,코돈의 7주 완성 기초 프로그래밍,codon knumed,20000,5.0,"""완벽한 강의입니다. 제작하느라 고생 많으셨습니다. """,https://edu.goorm.io/lecture/16902/코돈의-7주-완성-기초-프로그래밍
90,프로그래밍 - 프로그래밍 기초,동시에 배우는 C와 C++,두들낙서,0,5.0,"""차근차근 잘 설명해주셔서 좋습니다 :D""",https://edu.goorm.io/lecture/21611/동시에-배우는-c와-c
91,프로그래밍 - 데이터 추출/분석,이부일의 R릴레오 기초편,이 부일,0,0.0,,https://edu.goorm.io/lecture/21022/이부일의-r릴레오-기초편
92,프로그래밍 - 수학,[R] 머신러닝을 위한 통계학 기초,코코,44550,0.0,,https://edu.goorm.io/lecture/21244/r-머신러닝을-위한-통계학-기초
93,프로그래밍 - IoT,한큐에 끝내는 해커톤 입문_아두이노와 웹,밍밍이와 맹맹이,3300,5.0,,https://edu.goorm.io/lecture/21118/한큐에-끝내는-해커톤-입문_아두이노와-웹
94,프로그래밍 - 모바일 프로그래밍,코딩셰프의 Flutter 순한맛,코딩셰프,0,5.0,"""GOOD~ """,https://edu.goorm.io/lecture/21167/코딩셰프의-flutter-순한맛
95,프로그래밍 - 모바일 프로그래밍,안드로이드를 위한 자바 프로그래밍,소프트캠퍼스,10000,0.0,,https://edu.goorm.io/lecture/21052/안드로이드를-위한-자바-프로그래밍
96,프로그래밍 - 기타,컴퓨터 일반론,MN만능아카데미,0,3.0,,https://edu.goorm.io/lecture/13426/컴퓨터-일반론
97,프로그래밍 - 인공지능,[저자 직강] Do it! 딥러닝 입문,이지스퍼블리싱,0,5.0,"""이해하기 쉽게 잘 설명주고 있습니다.""",https://edu.goorm.io/lecture/21177/저자-직강-do-it-딥러닝-입문
98,프로그래밍 - 게임 개발,무료 파이썬 활용편1 - 추억의 오락실 게임 만들기,나도코딩,0,4.9,"""따라하기 쉽네요""",https://edu.goorm.io/lecture/21001/무료-파이썬-활용편1-추억의-오락실-게임-만들기
99,웹 프로그래밍 - 프로그래밍,디스코드 자바스크립트 튜토리얼 - 이전버전,제스퍼,0,4.9,"""디스코드봇을 구동시키는방법도 리눅스와 윈도우용으로 각각있었으면 좋겠어요! """,https://edu.goorm.io/lecture/20853/디스코드-자바스크립트-튜토리얼-이전버전
100,프로그래밍 - 모바일 프로그래밍,[2020 NEW] 코틀린 기반 안드로이드 앱 개발 Part1 - Kotlin UI Programming,소프트캠퍼스,66000,0.0,,https://edu.goorm.io/lecture/20669/2020-new-코틀린-기반-안드로이드-앱-개발-part1-kotlin-ui-programming
101,프로그래밍 - 데브옵스,모두를 위한 클라우드 컴퓨팅 입문,김유경,28000,5.0,"""기초개념이 잘이해되었습니다.""",https://edu.goorm.io/lecture/18575/모두를-위한-클라우드-컴퓨팅-입문
102,프로그래밍 - 프로그래밍 기초,Google 공식 언어 Kotlin 프로그래밍 시작하기,소프트캠퍼스,44000,0.0,,https://edu.goorm.io/lecture/20670/google-공식-언어-kotlin-프로그래밍-시작하기
103,웹 프로그래밍 - 프로그래밍,김버그의 HTML&CSS는 재밌다,김버그,90000,4.9,"""재미있어요 """,https://edu.goorm.io/lecture/20583/김버그의-html-css는-재밌다
104,웹 프로그래밍 - 프로그래밍,따라하며 배우는 데노(DENO),John Ahn,0,4.9,"""blind expert spot 이  전혀 보이지 않는 강의 !""",https://edu.goorm.io/lecture/20663/따라하며-배우는-데노-deno
105,프로그래밍 - 인공지능,텐서플로2로 배우는 딥러닝,Minsuk Heo,0,4.6,"""너무 좋습니다""",https://edu.goorm.io/lecture/20687/텐서플로2로-배우는-딥러닝
106,프로그래밍 - 인공지능,딥러닝 이론 및 파이썬 실습,Minsuk Heo,0,4.6,"""쉽고 재밌네요~ """,https://edu.goorm.io/lecture/20671/딥러닝-이론-및-파이썬-실습
107,프로그래밍 - 프로그래밍 기초,일본어로 배우는 Java 입문,崔智恵,30000,0.0,,https://edu.goorm.io/lecture/20397/일본어로-배우는-java-입문
108,웹 프로그래밍 - 프로그래밍,[번역판] CLEAN CODE JAVASCRIPT,박명호,0,5.0,"""감사합니다""",https://edu.goorm.io/lecture/20119/번역판-clean-code-javascript
109,프로그래밍 - 데이터베이스,한 눈에 끝내는 SQL,구름,99000,5.0,"""좋아요""",https://edu.goorm.io/lecture/15413/한-눈에-끝내는-sql
110,프로그래밍 - 데이터 추출/분석,[30분 요약 시리즈 시즌2] Python 활용편,제주코딩베이스캠프,0,5.0,"""좋아요.""",https://edu.goorm.io/lecture/20254/30분-요약-시리즈-시즌2-python-활용편
111,프로그래밍 - 프로그래밍 기초,COS PRO 1급 기출문제 - Python,두잉창의코딩,0,4.9,"""yeeeeeeeeeeeeeeeeeeeeeeeeeeeeeeeeeeeeeeeeeeeeeeeeeeeeeeeeeeeeeeeeeeeeeeeeeeeeeeeeeeeeeee""",https://edu.goorm.io/lecture/17299/cos-pro-1급-기출문제-python
112,프로그래밍 - 프로그래밍 기초,COS PRO 1급 기출문제 - C++,두잉창의코딩,0,4.7,"""오호홍 좋아요!""",https://edu.goorm.io/lecture/17300/cos-pro-1급-기출문제-c
113,프로그래밍 - 프로그래밍 기초,COS PRO 1급 기출문제 - Java,두잉창의코딩,0,4.5,"""시험보는 방식으로 공부할 수 있어 좋습니다""",https://edu.goorm.io/lecture/17301/cos-pro-1급-기출문제-java
114,프로그래밍 - 프로그래밍 기초,COS PRO 1급 기출문제 - C언어,두잉창의코딩,0,4.6,"""참 재미있었다""",https://edu.goorm.io/lecture/17298/cos-pro-1급-기출문제-c언어
115,웹 프로그래밍 - 프로그래밍,프레임워크를 위한 JavaScript ES6,강태공,49000,4.9,"""종강하고 방학때 자바 스크립트 강좌를 듣는데 초보자의 관점에 맞춰서 재밌고 쉽게 설명해주셔서 재밌네요""",https://edu.goorm.io/lecture/19879/프레임워크를-위한-javascript-es6
116,프로그래밍 - 모바일 프로그래밍,5일 만에 200만원 버는 웹과 앱 만들기,조코딩,0,4.9,"""좋은 강의를 들어서 감사했습니다.""",https://edu.goorm.io/lecture/20213/5일-만에-200만원-버는-웹과-앱-만들기
117,웹 프로그래밍 - 프로그래밍,[따라하며 배우는 노드&리액트] 챗봇 사이트 만들기,John Ahn,0,3.5,,https://edu.goorm.io/lecture/20020/따라하며-배우는-노드-리액트-챗봇-사이트-만들기
118,프로그래밍 - 수학,친절한 통계학 feat. R,Issac Lee,0,5.0,"""통계 완벽 그 자체""",https://edu.goorm.io/lecture/20108/친절한-통계학-feat-r
119,웹 프로그래밍 - 프로그래밍,[따라하며 배우는 노드&리액트] 영화 사이트 만들기,John Ahn,0,5.0,"""이해하기 쉽게 설명해주고 있습니다. """,https://edu.goorm.io/lecture/20019/따라하며-배우는-노드-리액트-영화-사이트-만들기
120,프로그래밍 - 프로그래밍 기초,파닥파닥 Flutter (빠르고 가볍게 Flutter 흔들기),padak padak,0,4.8,"""좋은 무료강의 감사합니다.""",https://edu.goorm.io/lecture/17450/파닥파닥-flutter-빠르고-가볍게-flutter-흔들기
121,프로그래밍 - 프로그래밍 기초,무료 파이썬 기본편 - 6시간 뒤면 나도 개발자,나도코딩,0,5.0,"""이해하기 쉽게 설명해주셔서 귀에 쏙쏙들어와요 """,https://edu.goorm.io/lecture/19917/무료-파이썬-기본편-6시간-뒤면-나도-개발자
122,프로그래밍 - 모바일 프로그래밍,[무작정 풀스택] 플러터와 장고로 1시간 만에 퀴즈앱/서버 만들기,권태형,0,3.9,"""소스는 깃허브에 있는데...  받아서 봐가면서... 설명에 집중하시면 됩니다. 설명이 좀 빠르긴 하지만... 찬찬히 되돌려 보면서... 개발 흐름을 이해 하는게 중요할것 같네요... 자세한 공부는 관련 되는 내용들을 찾아가면서  직접 하나씩 해나가야 합니다...""",https://edu.goorm.io/lecture/20021/무작정-풀스택-플러터와-장고로-1시간-만에-퀴즈앱-서버-만들기
123,웹 프로그래밍 - 프로그래밍,쉽게 만드는 라라벨 뷰 채팅,코지 코더,0,5.0,,https://edu.goorm.io/lecture/18959/쉽게-만드는-라라벨-뷰-채팅
124,프로그래밍 - 데브옵스,Azure 가상 컴퓨터 - 초급,클라우드메이트,10000,0.0,,https://edu.goorm.io/lecture/19762/azure-가상-컴퓨터-초급
125,프로그래밍 - 프로그래밍 기초,한 눈에 읽는 자바 기초,구름,0,4.9,"""C보다는 조금 어렵게 설명이 돼 있는데 초보자 분들도 천천히 읽어보시면 이해하실 수 있지 싶어요!""",https://edu.goorm.io/lecture/19448/한-눈에-읽는-자바-기초
126,프로그래밍 - 인공지능,[Pytorch] 쉽고 빠르게 배우는 NLP,코코,55000,0.0,,https://edu.goorm.io/lecture/19637/pytorch-쉽고-빠르게-배우는-nlp
127,프로그래밍 - 인공지능,"딥러닝 강좌할껀데, 실습만 합니다",Yoseob Han,0,5.0,,https://edu.goorm.io/lecture/19373/딥러닝-강좌할껀데-실습만-합니다
128,프로그래밍 - 모바일 프로그래밍,[무작정 플러터] Flutter + Firebase 넷플릭스UI 클론 코딩,권태형,0,4.7,"""강좌 내용이 좋습니다.  다만 말은 좀 느린 편이신데 타이핑은 엄청 빠르게 하셔서. 영상배속을 0.75x 해서 보는 중입니다.""",https://edu.goorm.io/lecture/19172/무작정-플러터-flutter-firebase-넷플릭스ui-클론-코딩
129,웹 프로그래밍 - 프로그래밍,[스프링 시리즈2] 만들면서 배우는 Spring MVC 5,소프트캠퍼스,88000,5.0,,https://edu.goorm.io/lecture/19341/스프링-시리즈2-만들면서-배우는-spring-mvc-5
130,웹 프로그래밍 - 프로그래밍,쉽게 배우는 Vue.js 2 기초,코지 코더,0,4.9,"""Vue 프로젝트를 처음 설치하고  index.html 이 어떻게 화면에표시되는가 그 구조가 너무 알고싶었는데 아무리 찾아도 보이지않았습니다. 이강좌를 듣고 너무 도움이되었습니다.감사합니다""",https://edu.goorm.io/lecture/18958/쉽게-배우는-vue-js-2-기초
131,프로그래밍 - 모바일 프로그래밍,홍드로이드의 수익창출 앱 개발,홍드로이드,55000,4.8,"""강의는 강사에게 ^^""",https://edu.goorm.io/lecture/18156/홍드로이드의-수익창출-앱-개발
132,프로그래밍 - 데브옵스,따라하면서 배우는 리눅스 고급,_따라學IT따라하면서 배우는 IT,0,5.0,"""쉽게 잘설명하십니다! """,https://edu.goorm.io/lecture/18950/따라하면서-배우는-리눅스-고급
133,프로그래밍 - 데브옵스,따라하면서 배우는 리눅스 기초,_따라學IT따라하면서 배우는 IT,0,5.0,"""굳! """,https://edu.goorm.io/lecture/18808/따라하면서-배우는-리눅스-기초
134,프로그래밍 - 데이터 추출/분석,[R] KOSPI/KOSDAQ 전 종목 데이터 수집 및 관리,코코,55000,3.0,,https://edu.goorm.io/lecture/19043/r-kospi-kosdaq-전-종목-데이터-수집-및-관리
135,프로그래밍 - 프로그래밍 기초,MATLAB처럼 쓰는 PYTHON,박범진,0,0.0,,https://edu.goorm.io/lecture/19064/matlab처럼-쓰는-python
136,웹 프로그래밍 - 프로그래밍,쉽게 배우는 라라벨 기초,코지 코더,0,4.9,"""들을만 해요.""",https://edu.goorm.io/lecture/18957/쉽게-배우는-라라벨-기초
137,프로그래밍 - 인공지능,[Pytorch] 쉽고 빠르게 배우는 GAN,코코,49500,0.0,,https://edu.goorm.io/lecture/19030/pytorch-쉽고-빠르게-배우는-gan
138,프로그래밍 - 데이터 추출/분석,SELECT ALL FROM SQL,박범진,0,4.7,"""sql의 기본을 익히기에 너무나 만족스러웠습니다. 좋은 강의 무료로 해주셔서 감사합니다.""",https://edu.goorm.io/lecture/18815/select-all-from-sql
139,웹 프로그래밍 - 프로그래밍,시선을 사로잡는 웹 - 초급,DevelUP,69300,5.0,,https://edu.goorm.io/lecture/18923/시선을-사로잡는-웹-초급
140,웹 프로그래밍 - 프로그래밍,시선을 사로잡는 웹 - 중급,DevelUP,69300,0.0,,https://edu.goorm.io/lecture/17901/시선을-사로잡는-웹-중급
141,프로그래밍 - 데브옵스,[AZ-900 Certificate] Azure Basic,클라우드메이트,30000,5.0,"""good""",https://edu.goorm.io/lecture/18531/az-900-certificate-azure-basic
142,프로그래밍 - 인공지능,DataScience와 AI의 개념,코코,29700,4.9,"""good""",https://edu.goorm.io/lecture/18477/datascience와-ai의-개념
143,프로그래밍 - 알고리즘,위클리 비타알고 시즌3 코딩테스트 체력 키우기,안홍자,200000,4.9,"""정말 유익한 강좌입니다.""",https://edu.goorm.io/lecture/18444/위클리-비타알고-시즌3-코딩테스트-체력-키우기
144,프로그래밍 - 프로그래밍 기초,한 눈에 읽는 파이썬3 기초,구름,0,4.9,"""너무너무 좋습니당""",https://edu.goorm.io/lecture/17902/한-눈에-읽는-파이썬3-기초
145,웹 프로그래밍 - 프로그래밍,김버그의 CSS는 재밌다 - 기초부터 실무 레벨까지,김버그,50000,4.9,""" """,https://edu.goorm.io/lecture/17829/김버그의-css는-재밌다-기초부터-실무-레벨까지
146,웹 프로그래밍 - 프로그래밍,[따라하며 배우는 노드&리액트] 유튜브 사이트 만들기,John Ahn,0,4.4,"""좋습니다""",https://edu.goorm.io/lecture/17853/따라하며-배우는-노드-리액트-유튜브-사이트-만들기
147,프로그래밍 - 인공지능,[Pytorch] 쉽고 빠르게 배우는 딥러닝,코코,82500,0.0,,https://edu.goorm.io/lecture/17903/pytorch-쉽고-빠르게-배우는-딥러닝
148,프로그래밍 - 데이터 추출/분석,[백문이불여일타] 데이터 분석을 위한 중급 SQL,YE H,44000,4.0,,https://edu.goorm.io/lecture/17832/백문이불여일타-데이터-분석을-위한-중급-sql
149,웹 프로그래밍 - 프로그래밍,[따라하며 배우는 노드&리액트] Boiler-Plate 만들기,John Ahn,0,5.0,"""이해하기 쉽게 설명해주십니다.""",https://edu.goorm.io/lecture/17855/따라하며-배우는-노드-리액트-boiler-plate-만들기
150,프로그래밍 - 데이터 추출/분석,[백문이불여일타] 데이터 분석을 위한 기초 SQL,leebomin,22000,5.0,,https://edu.goorm.io/lecture/17831/백문이불여일타-데이터-분석을-위한-기초-sql
151,프로그래밍 - 데이터 추출/분석,R프로그래밍 기초 다지기,코코,0,4.2,"""선생님~! R 처음 접하는데 기초를 다질 수 있는 좋은 시간이었습니다. 감사합니다! 다만, 강의 진행하는데 있어 대명사를 종종 사용하시거나 말씀이 생략되는 경우가 있는 부분만 조금 더 수강생 입장에서 강의해주시면 더 감사할 것 같습니다 ㅎㅎ 좋은 강의 감사합니다! 복받으세요!""",https://edu.goorm.io/lecture/17848/r프로그래밍-기초-다지기
152,프로그래밍 - 데브옵스,나도 AWS에 서버 구축해보자🐶,월리,0,5.0,"""이해가 잘됩니다!!""",https://edu.goorm.io/lecture/17834/나도-aws에-서버-구축해보자
153,프로그래밍 - 프로그래밍 기초,COS PRO 2급 기출문제 - Python,두잉창의코딩,0,4.8,"""수업시간에 이걸로 공부하고 있는데 너무 좋습니다~!""",https://edu.goorm.io/lecture/17033/cos-pro-2급-기출문제-python
154,프로그래밍 - 프로그래밍 기초,COS PRO 2급 기출문제 - Java,두잉창의코딩,0,3.7,"""답을 맞게 작성해도 제출하면 오답이라고 나오네요...""",https://edu.goorm.io/lecture/17167/cos-pro-2급-기출문제-java
155,프로그래밍 - 프로그래밍 기초,COS PRO 2급 기출문제 - C++,두잉창의코딩,0,2.6,"""문제들이 간간히 정답을 제출해도 Fail이 뜬다. 문제에 대한 재검토가 필요한듯 제공된 시스템에 대한 의구심이 든다.""",https://edu.goorm.io/lecture/17165/cos-pro-2급-기출문제-c
156,프로그래밍 - 프로그래밍 기초,COS PRO 2급 기출문제 - C언어,두잉창의코딩,0,5.0,"""훌륭하고 배울점이 많은 강좌였다""",https://edu.goorm.io/lecture/16921/cos-pro-2급-기출문제-c언어
157,프로그래밍 - 프로그래밍 기초,[바로실습] 생활코딩 - JAVA 객체 지향 프로그래밍,생활코딩,0,5.0,"""good""",https://edu.goorm.io/lecture/16910/바로실습-생활코딩-java-객체-지향-프로그래밍
158,웹 프로그래밍 - 프로그래밍,"가장 핫한 FE 라이브러리🔥, React 가지고 놀아보기",주현도,0,4.9,"""쉽게 따라할수 있어서 재밌어용~~ """,https://edu.goorm.io/lecture/16422/가장-핫한-fe-라이브러리-react-가지고-놀아보기
159,웹 프로그래밍 - 프로그래밍,영화 예매 사이트 만들기: 코딩편,webstoryboy,0,5.0,"""이번에도 유용한 강의였습니다!!""",https://edu.goorm.io/lecture/16943/영화-예매-사이트-만들기-코딩편
160,웹 프로그래밍 - 프로그래밍,영화 예매 사이트 만들기: 디자인편,webstoryboy,0,4.5,"""잘듣고 있습니다 꾸준히 해서 포트폴리오까지 완성하고싶어요 ㅎㅎ""",https://edu.goorm.io/lecture/16948/영화-예매-사이트-만들기-디자인편
161,프로그래밍 - 데이터 추출/분석,빅데이터 제대로 배우기 - R 기초 문법과 데이터 전처리,아이티고,50000,0.0,,https://edu.goorm.io/lecture/17133/빅데이터-제대로-배우기-r-기초-문법과-데이터-전처리
162,프로그래밍 - 모바일 프로그래밍,센치한 개발자의 swift: ios app 만들기,센치한개발자,0,5.0,"""처음 스위프트 진행 중인데, 다른 강의들은 그냥 넘어가는 부분을 전부 짚고 넘어가서 편하게 듣고 있습니다.""",https://edu.goorm.io/lecture/15173/센치한-개발자의-swift-ios-app-만들기
163,프로그래밍 - 프로그래밍 기초,[바로실습] 생활코딩 - JAVA method,생활코딩,0,5.0,"""좋아요!""",https://edu.goorm.io/lecture/16909/바로실습-생활코딩-java-method
164,프로그래밍 - 프로그래밍 기초,[바로실습] 생활코딩 - JAVA 제어문,생활코딩,0,4.9,"""쉬운설명과 간단한 예제로 인해서 이해가 더 빨리되요! 감사합니다!""",https://edu.goorm.io/lecture/16908/바로실습-생활코딩-java-제어문
165,웹 프로그래밍 - 프로그래밍,[웹퍼블리싱 실습] 반응형 사이트 만들기,webstoryboy,0,5.0,"""항상 잘 배우고 있습니다 """,https://edu.goorm.io/lecture/16942/웹퍼블리싱-실습-반응형-사이트-만들기
166,웹 프로그래밍 - 프로그래밍,[웹퍼블리싱 실습] 웹 표준 사이트 만들기,webstoryboy,0,4.9,"""짱입니다!^^ """,https://edu.goorm.io/lecture/16941/웹퍼블리싱-실습-웹-표준-사이트-만들기
167,웹 프로그래밍 - 프로그래밍,김버그의 HTML은 재밌다 - 기초부터 실무 레벨까지,김버그,50000,4.9,"""d""",https://edu.goorm.io/lecture/16396/김버그의-html은-재밌다-기초부터-실무-레벨까지
168,웹 프로그래밍 - 프로그래밍,시선을 사로잡는 웹 - 초급 + 중급,DevelUP,158000,5.0,"""너무 유익한 강의인 것 같습니다.""",https://edu.goorm.io/lecture/16783/시선을-사로잡는-웹-초급-중급
169,웹 프로그래밍 - 프로그래밍,한 눈에 끝내는 HTML5/CSS3,구름,99000,4.9,"""너무 친절하고 자세히 강의내용이 있으니까 이해하기도 쉽고 너무 좋습니다""",https://edu.goorm.io/lecture/16322/한-눈에-끝내는-html5-css3
170,웹 프로그래밍 - 프로그래밍,초보자를 위한 장고 Django 뿌시기🔥,장 성원,49000,4.9,"""강의내용 좋고 설명도 쉽게 잘 풀어주시는데 가격에 비해선 좀 부실한것 같습니다. """,https://edu.goorm.io/lecture/16377/초보자를-위한-장고-django-뿌시기
171,웹 프로그래밍 - 프로그래밍,Bootstrap을 활용한 반응형 웹페이지 만들기,아이티고,46000,0.0,,https://edu.goorm.io/lecture/16303/bootstrap을-활용한-반응형-웹페이지-만들기
172,프로그래밍 - 프로그래밍 기초,[바로실습] 생활코딩 - JAVA1,생활코딩,0,5.0,"""개발자의 첫걸음은 이 강좌로 하는 게 제일 좋은 것 같아요. 이클립스 꼬이고 path 지정 잘못하고 하는 걱정 없이 온라인으로 바로 코드를 테스트 해 볼 수도 있어서 편해요.""",https://edu.goorm.io/lecture/16448/바로실습-생활코딩-java1
173,웹 프로그래밍 - 프로그래밍,[스프링 시리즈1] Spring Framework5 입문자를 위한 실습 지침서,소프트캠퍼스,22000,4.0,"""죄송합니다. 개념에 대한 이해가 거의 가질 않습니다. 혼자서 실습하시는듯 합니다 ㅠㅠ""",https://edu.goorm.io/lecture/16406/스프링-시리즈1-spring-framework5-입문자를-위한-실습-지침서
174,프로그래밍 - 프로그래밍 기초,"2022 30분 요약 강좌 시즌 1 HTML, CSS, JS, Python, Bootstrap, Linux",제주코딩베이스캠프,0,5.0,"""숨가뿌게 들으며 달려왔습니다~~ 좋은 강의 감사드려요~""",https://edu.goorm.io/lecture/16385/2022-30분-요약-강좌-시즌-1-html-css-js-python-bootstrap-linux
175,웹 프로그래밍 - 프로그래밍,"React로 가기 위한 첫 걸음, Vanilla JS 기초",아이티고,36000,0.0,,https://edu.goorm.io/lecture/16304/react로-가기-위한-첫-걸음-vanilla-js-기초
176,프로그래밍 - 모바일 프로그래밍,하울의 안드로이드 인스타그램 앱 만들기,하울의 코딩 채널,0,4.9,"""제가 인스타그램을 만들 수 있게 도와주었습니다. 다만 버전이 옛날버전인 그대로라 몇몇부분에서 혼자 해결해야만 했지만 이 부분은 제가 혼자 공부하게 도와줄 수 있게 만들어 더욱 실력을 성장할 수 있게 하였습니다. 즉각적인 피드백은 받을 수 없었지만 감사합니다.""",https://edu.goorm.io/lecture/16116/하울의-안드로이드-인스타그램-앱-만들기
177,프로그래밍 - 모바일 프로그래밍,에센스만 담은 하울의 코틀린 안드로이드,하울의 코딩 채널,27500,0.0,,https://edu.goorm.io/lecture/15335/에센스만-담은-하울의-코틀린-안드로이드
178,웹 프로그래밍 - 프로그래밍,코틀린으로 만드는 스프링부트,최광성,0,3.0,"""spring boot에 관심이 있었는데 멋있는 언어인 Kotlin으로 개발을 할 수 있게 되어서 너무 좋아여!""",https://edu.goorm.io/lecture/15881/코틀린으로-만드는-스프링부트
179,프로그래밍 - 모바일 프로그래밍,현직개발자가 알려주는 안드로이드 앱 개발,홍드로이드,0,5.0,"""너무 좋다""",https://edu.goorm.io/lecture/15564/현직개발자가-알려주는-안드로이드-앱-개발
180,프로그래밍 - 알고리즘,위클리 비타알고 시즌2 처음 시작하는 코딩테스트,안홍자,200000,5.0,"""최적화된 코드들을 보고 배울 수 있어서 좋았습니다.""",https://edu.goorm.io/lecture/15551/위클리-비타알고-시즌2-처음-시작하는-코딩테스트
181,프로그래밍 - 보안,웹 서비스 해킹을 위한 버프스위트 완벽 활용 가이드,보안프로젝트,0,5.0,,https://edu.goorm.io/lecture/15535/웹-서비스-해킹을-위한-버프스위트-완벽-활용-가이드
182,프로그래밍 - 인공지능,Shiny 그리고 시각화 R Go! 하자!,이수화,0,4.7,"""유익한 정보가 많아서 좋았습니다.""",https://edu.goorm.io/lecture/15875/shiny-그리고-시각화-r-go-하자
183,프로그래밍 - 데이터 추출/분석,파이썬을 이용한 데이터분석과 IT보안,보안프로젝트,132000,0.0,,https://edu.goorm.io/lecture/15574/파이썬을-이용한-데이터분석과-it보안
184,프로그래밍 - 데이터베이스,생활코딩 - Oracle Database,생활코딩,0,5.0,"""이 정도 퀄리티의 강의가 무료라니! 잘 듣고 있습니다!""",https://edu.goorm.io/lecture/15550/생활코딩-oracle-database
185,프로그래밍 - 데이터 추출/분석,데이터 시각화와 차트분석 기법,노마드 크리에이터 Nomad Creator,0,4.6,"""좋은강의네요 """,https://edu.goorm.io/lecture/15563/데이터-시각화와-차트분석-기법
186,웹 프로그래밍 - 프로그래밍,웹 게임을 만들며 배우는 Vue,조현영,0,5.0,"""강좌가 재밌어요""",https://edu.goorm.io/lecture/15523/웹-게임을-만들며-배우는-vue
187,프로그래밍 - 프로그래밍 기초,파이썬 100분 핵심강의,노마드 크리에이터 Nomad Creator,22000,0.0,,https://edu.goorm.io/lecture/15402/파이썬-100분-핵심강의
188,프로그래밍 - 모바일 프로그래밍,SwiftUI 개념 익히기,Hohyeon Moon,0,5.0,,https://edu.goorm.io/lecture/15378/swiftui-개념-익히기
189,프로그래밍 - 보안,프리다(Frida)를 이용한 안드로이드 앱 모의해킹,보안프로젝트,77000,0.0,,https://edu.goorm.io/lecture/15377/프리다-frida-를-이용한-안드로이드-앱-모의해킹
190,프로그래밍 - 프로그래밍 기초,누구나 쉽게 배우는 코딩 기초와 웹/앱 프로그래밍,조코딩,0,5.0,"""재밌어요""",https://edu.goorm.io/lecture/15287/누구나-쉽게-배우는-코딩-기초와-웹-앱-프로그래밍
191,프로그래밍 - 보안,[디지털 포렌식 시리즈1] 디지털 포렌식 (Digital Forensic) 전문가 과정,보안프로젝트,198000,0.0,,https://edu.goorm.io/lecture/15341/디지털-포렌식-시리즈1-디지털-포렌식-digital-forensic-전문가-과정
192,프로그래밍 - 보안,[디지털 포렌식 시리즈5] 챌린지로 알아보는 디지털포렌식(심화),보안프로젝트,99000,0.0,,https://edu.goorm.io/lecture/15261/디지털-포렌식-시리즈5-챌린지로-알아보는-디지털포렌식-심화
193,프로그래밍 - 보안,[디지털 포렌식 시리즈4] 챌린지로 알아보는 디지털포렌식(기초),보안프로젝트,99000,5.0,,https://edu.goorm.io/lecture/15260/디지털-포렌식-시리즈4-챌린지로-알아보는-디지털포렌식-기초
194,웹 프로그래밍 - 프로그래밍,내 손으로 한땀한땀 만드는 풀스택 인스타클론 강의,제주코딩베이스캠프,110000,4.6,"""다른데서 장고 공부하고 와서 다시 보기 시작했는데 개념정리로 너무 좋습니다 추천드립니다!""",https://edu.goorm.io/lecture/13869/내-손으로-한땀한땀-만드는-풀스택-인스타클론-강의
195,프로그래밍 - 데이터 추출/분석,파이썬 스쿨 - 파이썬 프로그래밍을 이용한 업무 자동화,보안프로젝트,121000,5.0,,https://edu.goorm.io/lecture/15257/파이썬-스쿨-파이썬-프로그래밍을-이용한-업무-자동화
196,프로그래밍 - 모바일 프로그래밍,센치한 개발자의 안드로이드 스튜디오 기초,센치한개발자,0,5.0,"""잘듣고있습니다!""",https://edu.goorm.io/lecture/15171/센치한-개발자의-안드로이드-스튜디오-기초
197,프로그래밍 - 프로그래밍 기초,센치한 개발자의 자바 기초,센치한개발자,0,5.0,"""딱 제가 찾던 강의네요 ^^""",https://edu.goorm.io/lecture/15170/센치한-개발자의-자바-기초
198,프로그래밍 - IoT,파이썬으로 만드는 라즈베리 파이 사물인터넷(IoT)프로젝트 - 기본편,노마드 크리에이터 Nomad Creator,33000,5.0,,https://edu.goorm.io/lecture/15186/파이썬으로-만드는-라즈베리-파이-사물인터넷-iot-프로젝트-기본편
199,프로그래밍 - 보안,파이썬을 이용한 IT 해킹과 보안,보안프로젝트,110000,5.0,,https://edu.goorm.io/lecture/15149/파이썬을-이용한-it-해킹과-보안
200,프로그래밍 - 보안,IT보안을 위한 와이어샤크 패킷 분석,보안프로젝트,0,5.0,,https://edu.goorm.io/lecture/15125/it보안을-위한-와이어샤크-패킷-분석
201,프로그래밍 - 보안,해킹 대회를 위한 시스템 해킹 프로토스타 완벽 풀이집,보안프로젝트,99000,0.0,,https://edu.goorm.io/lecture/15126/해킹-대회를-위한-시스템-해킹-프로토스타-완벽-풀이집
202,프로그래밍 - 프로그래밍 기초,2019 온라인 코딩 파티 시즌1 - 텍스트 코딩 용사가 되자!!!,구름,0,4.8,"""굿""",https://edu.goorm.io/lecture/15047/2019-온라인-코딩-파티-시즌1-텍스트-코딩-용사가-되자
203,웹 프로그래밍 - 프로그래밍,SVG 마스터,1분코딩,27500,0.0,,https://edu.goorm.io/lecture/14971/svg-마스터
204,웹 프로그래밍 - 프로그래밍,"부담 없이 쉽고 편하게, 자바스크립트 기초 정리!",1분코딩,0,5.0,"""자바스크립트 배우면서 막막했는데 선생님 강의 듣고 많은 도움이 됐습니다! 기초를 다지기 너무 좋은 강의에요""",https://edu.goorm.io/lecture/14938/부담-없이-쉽고-편하게-자바스크립트-기초-정리
205,프로그래밍 - 보안,보안 전문가를 위한 파워쉘,보안프로젝트,110000,0.0,,https://edu.goorm.io/lecture/14982/보안-전문가를-위한-파워쉘
206,웹 프로그래밍 - 프로그래밍,생활코딩 - WEB7: Login with Facebook On Passport(Facebook Login),생활코딩,0,0.0,,https://edu.goorm.io/lecture/14674/생활코딩-web7-login-with-facebook-on-passport-facebook-login
207,웹 프로그래밍 - 프로그래밍,생활코딩 - WEB7: Login with Google On Passport (Google Login),생활코딩,0,0.0,,https://edu.goorm.io/lecture/14675/생활코딩-web7-login-with-google-on-passport-google-login
208,웹 프로그래밍 - 프로그래밍,처음 시작하는 Vue.js 웹프로그래밍,소프트캠퍼스,27500,0.0,,https://edu.goorm.io/lecture/14816/처음-시작하는-vue-js-웹프로그래밍
209,웹 프로그래밍 - 프로그래밍,생활코딩 - WEB6: Multi User on Passport (다중 사용자),생활코딩,0,0.0,,https://edu.goorm.io/lecture/14644/생활코딩-web6-multi-user-on-passport-다중-사용자
210,웹 프로그래밍 - 프로그래밍,생활코딩 - WEB5: Express Passport.js,생활코딩,0,0.0,,https://edu.goorm.io/lecture/14643/생활코딩-web5-express-passport-js
211,웹 프로그래밍 - 프로그래밍,생활코딩 - WEB4: Express Session & Auth (세션과 인증),생활코딩,0,5.0,"""생활코딩 최고입니다!""",https://edu.goorm.io/lecture/14642/생활코딩-web4-express-session-and-auth-세션과-인증
212,프로그래밍 - 인공지능,인공지능 R GO! 하자!,이수화,0,5.0,"""정말 도움이 많이 됬습니다. 정말 감사합니다""",https://edu.goorm.io/lecture/14631/인공지능-r-go-하자
213,웹 프로그래밍 - 프로그래밍,생활코딩 - Node.js: 쿠키와 인증,생활코딩,0,5.0,"""gooooodddd""",https://edu.goorm.io/lecture/14641/생활코딩-node-js-쿠키와-인증
214,웹 프로그래밍 - 프로그래밍,생활코딩 - WEB3: Google Login,생활코딩,0,5.0,,https://edu.goorm.io/lecture/14634/생활코딩-web3-google-login
215,웹 프로그래밍 - 프로그래밍,생활코딩 - WEB3: Facebook Login,생활코딩,0,5.0,,https://edu.goorm.io/lecture/14633/생활코딩-web3-facebook-login
216,웹 프로그래밍 - 프로그래밍,생활코딩 - WEB3: Ajax,생활코딩,0,5.0,"""아직 마냥 쉽지는 않지만, AJAX 를 어떻게 활용할 수 있는지 아이디어를 얻어갑니다.""",https://edu.goorm.io/lecture/14632/생활코딩-web3-ajax
217,프로그래밍 - 프로그래밍 기초,마인크래프트 게임을 활용한 파이썬 프로그래밍 완벽 이해,보안프로젝트,55000,0.0,,https://edu.goorm.io/lecture/13439/마인크래프트-게임을-활용한-파이썬-프로그래밍-완벽-이해
218,웹 프로그래밍 - 프로그래밍,웹 게임을 만들며 배우는 React(리액트),조현영,0,4.7,"""원리를 설명잘해주십니다 ㅎㅎ """,https://edu.goorm.io/lecture/14562/웹-게임을-만들며-배우는-react-리액트
219,프로그래밍 - 프로그래밍 기초,프로젝트를 통해 배우는 파이썬 프로그래밍,노마드 크리에이터 Nomad Creator,0,4.9,"""Good""",https://edu.goorm.io/lecture/14588/프로젝트를-통해-배우는-파이썬-프로그래밍
220,프로그래밍 - 보안,악성코드분석 중급과정 (유형별분석),보안프로젝트,132000,0.0,,https://edu.goorm.io/lecture/14297/악성코드분석-중급과정-유형별분석
221,프로그래밍 - 보안,윈도우 악성코드(malware) 분석 입문 과정,보안프로젝트,143000,0.0,,https://edu.goorm.io/lecture/14068/윈도우-악성코드-malware-분석-입문-과정
222,프로그래밍 - 보안,메타스플로잇 활용 및 취약점 분석(고급과정),보안프로젝트,110000,0.0,,https://edu.goorm.io/lecture/13437/메타스플로잇-활용-및-취약점-분석-고급과정
223,프로그래밍 - 데이터베이스,생활코딩 - 관계형 데이터 모델링,생활코딩,0,5.0,"""깔끔한 설명이 아주 좋아요! 감사합니다.""",https://edu.goorm.io/lecture/14442/생활코딩-관계형-데이터-모델링
224,프로그래밍 - 보안,메타스플로잇 활용 및 분석 완벽 가이드 (초중급),보안프로젝트,88000,0.0,,https://edu.goorm.io/lecture/14369/메타스플로잇-활용-및-분석-완벽-가이드-초중급
225,프로그래밍 - 데이터베이스,생활코딩 - SQL JOIN,생활코딩,0,5.0,"""하나하나 친절하게 가르쳐줘서 잘 습득 되네요""",https://edu.goorm.io/lecture/14441/생활코딩-sql-join
226,프로그래밍 - 보안,악성코드 분석을 위한 메모리 포렌식 (Memory Forensic),보안프로젝트,88000,0.0,,https://edu.goorm.io/lecture/14550/악성코드-분석을-위한-메모리-포렌식-memory-forensic
227,웹 프로그래밍 - 프로그래밍,[바로실습] 생활코딩 - JavaScript Immutability,생활코딩,0,0.0,,https://edu.goorm.io/lecture/14439/바로실습-생활코딩-javascript-immutability
228,웹 프로그래밍 - 프로그래밍,생활코딩 - Redux,생활코딩,0,5.0,"""쉬운 설명 갑사합니다""",https://edu.goorm.io/lecture/14440/생활코딩-redux
229,프로그래밍 - 데브옵스,처음 만난 AWS,소플,0,5.0,"""AWS 이해에 많은 도움이 되었습니다.""",https://edu.goorm.io/lecture/12945/처음-만난-aws
230,웹 프로그래밍 - 프로그래밍,처음 만난 React(리액트),소플,0,4.9,"""좋아요!""",https://edu.goorm.io/lecture/12976/처음-만난-react-리액트
231,프로그래밍 - 보안,안드로이드 모바일 앱 모의해킹과 시큐어코딩,보안프로젝트,132000,0.0,,https://edu.goorm.io/lecture/13435/안드로이드-모바일-앱-모의해킹과-시큐어코딩
232,웹 프로그래밍 - 프로그래밍,Node.js 서버 프로그래밍 과정,소프트캠퍼스,22000,0.0,,https://edu.goorm.io/lecture/13564/node-js-서버-프로그래밍-과정
233,프로그래밍 - 데이터베이스,Oracle Database 11g PL/SQL Developer,소프트캠퍼스,16500,5.0,,https://edu.goorm.io/lecture/13563/oracle-database-11g-pl-sql-developer
234,프로그래밍 - 보안,윈도우즈 애플리케이션 취약점 분석 입문부터 활용까지,보안프로젝트,132000,0.0,,https://edu.goorm.io/lecture/13436/윈도우즈-애플리케이션-취약점-분석-입문부터-활용까지
235,프로그래밍 - 모바일 프로그래밍,Mobile App UI/UX/GUI Design Tutorials (모바일 앱 UX/UI/GUI 디자인 실무),소프트캠퍼스,22000,0.0,,https://edu.goorm.io/lecture/13429/mobile-app-ui-ux-gui-design-tutorials-모바일-앱-ux-ui-gui-디자인-실무
236,프로그래밍 - 보안,네트워크 패킷 분석 입문 및 악성코드 샘플 분석,보안프로젝트,132000,0.0,,https://edu.goorm.io/lecture/13438/네트워크-패킷-분석-입문-및-악성코드-샘플-분석
237,프로그래밍 - 모바일 프로그래밍,안드로이드 + 파이어베이스 SNS앱 만들기,Bored Developer,0,4.5,"""so cool""",https://edu.goorm.io/lecture/13523/안드로이드-파이어베이스-sns앱-만들기
238,웹 프로그래밍 - 프로그래밍,HTML5와 웹표준 제대로 배우기,아이티고,30000,0.0,,https://edu.goorm.io/lecture/13350/html5와-웹표준-제대로-배우기
239,웹 프로그래밍 - 프로그래밍,실무 웹 제작 강의노트,아이티고,52000,0.0,,https://edu.goorm.io/lecture/13343/실무-웹-제작-강의노트
240,프로그래밍 - 보안,비박스를 활용한 웹 모의해킹 완벽 실습,보안프로젝트,132000,0.0,,https://edu.goorm.io/lecture/13272/비박스를-활용한-웹-모의해킹-완벽-실습
241,웹 프로그래밍 - 프로그래밍,HTML5 Canvas 2D 제대로 배우기,아이티고,20000,0.0,,https://edu.goorm.io/lecture/13337/html5-canvas-2d-제대로-배우기
242,프로그래밍 - 기타,Wix(윅스)로 간단하게 홈페이지 만들기,아이티고,18000,0.0,,https://edu.goorm.io/lecture/13342/wix-윅스-로-간단하게-홈페이지-만들기
243,프로그래밍 - 보안,오픈 소스 도구를 활용한 웹 해킹 및 스노트 분석 - 침해대응,보안프로젝트,99000,0.0,,https://edu.goorm.io/lecture/13273/오픈-소스-도구를-활용한-웹-해킹-및-스노트-분석-침해대응
244,프로그래밍 - 게임 개발,유니티3D 실전 게임 개발 프로젝트 - 디펜스게임,소프트캠퍼스,36300,5.0,,https://edu.goorm.io/lecture/13356/유니티3d-실전-게임-개발-프로젝트-디펜스게임
245,프로그래밍 - 게임 개발,유니티3D 실전 게임 개발 프로젝트 - 클리커게임,소프트캠퍼스,16500,0.0,,https://edu.goorm.io/lecture/13355/유니티3d-실전-게임-개발-프로젝트-클리커게임
246,웹 프로그래밍 - 프로그래밍,처음 시작하는 HTML&HTML5 Tutorial,소프트캠퍼스,16500,0.0,,https://edu.goorm.io/lecture/13354/처음-시작하는-html-html5-tutorial
247,웹 프로그래밍 - 프로그래밍,처음 시작하는 jQuery Programming,소프트캠퍼스,16500,0.0,,https://edu.goorm.io/lecture/13363/처음-시작하는-jquery-programming
248,프로그래밍 - 프로그래밍 기초,처음 시작하는 파이썬,소프트캠퍼스,16500,0.0,,https://edu.goorm.io/lecture/13351/처음-시작하는-파이썬
249,프로그래밍 - 데이터베이스,처음 시작하는 MySQL DataBase,소프트캠퍼스,16500,0.0,,https://edu.goorm.io/lecture/13353/처음-시작하는-mysql-database
250,프로그래밍 - 프로그래밍 기초,처음 시작하는 C언어,소프트캠퍼스,0,4.7,"""괜찮습니다. 그다지 어려운 용어를 사용하지도 않고 쉽게 잘 알려주셨습니다.""",https://edu.goorm.io/lecture/13352/처음-시작하는-c언어
251,웹 프로그래밍 - 프로그래밍,처음 시작하는 JavaScript Programming,소프트캠퍼스,16500,0.0,,https://edu.goorm.io/lecture/13334/처음-시작하는-javascript-programming
252,프로그래밍 - 모바일 프로그래밍,겜팔이의 안드로이드 세뇌교실: 인★그램 개발부터 배포까지,겜팔이,0,0.0,,https://edu.goorm.io/lecture/13313/겜팔이의-안드로이드-세뇌교실-인-그램-개발부터-배포까지
253,프로그래밍 - 모바일 프로그래밍,2019 겜팔이의 노릇노릇 파이어베이스,겜팔이,0,0.0,,https://edu.goorm.io/lecture/13306/2019-겜팔이의-노릇노릇-파이어베이스
254,프로그래밍 - 데이터 추출/분석,완벽 파이썬 크롤링 A to Z 풀패키지 부트캠프,잔재미코딩(Dave Lee),99000,5.0,"""너무 친절하고 상세하게 잘 알려주십니다.""",https://edu.goorm.io/lecture/13243/완벽-파이썬-크롤링-a-to-z-풀패키지-부트캠프
255,웹 프로그래밍 - 프로그래밍,초보자를 위한 jQuery UI Pattern 제대로 배우기,아이티고,106000,5.0,,https://edu.goorm.io/lecture/13256/초보자를-위한-jquery-ui-pattern-제대로-배우기
256,프로그래밍 - 데이터 추출/분석,xlsxwriter 튜토리얼로 배우는 Python 엑셀 프로그래밍,제주코딩베이스캠프,55000,0.0,,https://edu.goorm.io/lecture/13038/xlsxwriter-튜토리얼로-배우는-python-엑셀-프로그래밍
257,웹 프로그래밍 - 프로그래밍,생활코딩 - WEB2: Python,생활코딩,0,5.0,"""입문자가 이해하기 쉽게 잘 설명해주십니다.""",https://edu.goorm.io/lecture/13091/생활코딩-web2-python
258,웹 프로그래밍 - 프로그래밍,생활코딩 - WEB3: PHP & MySQL,생활코딩,0,5.0,"""아주유용""",https://edu.goorm.io/lecture/13086/생활코딩-web3-php-and-mysql
259,웹 프로그래밍 - 프로그래밍,생활코딩 - WEB2: Node.js - MySQL,생활코딩,0,5.0,"""좋은 강의 감사합니다.""",https://edu.goorm.io/lecture/13087/생활코딩-web2-node-js-mysql
260,웹 프로그래밍 - 프로그래밍,생활코딩 - WEB2: Home Server,생활코딩,0,5.0,,https://edu.goorm.io/lecture/13090/생활코딩-web2-home-server
261,웹 프로그래밍 - 프로그래밍,생활코딩 - WEB2: DNS & HTTP,생활코딩,0,5.0,"""good""",https://edu.goorm.io/lecture/13089/생활코딩-web2-dns-and-http
262,프로그래밍 - 개발 도구,생활코딩 - Source Tree로 Git 활용하기,생활코딩,0,5.0,,https://edu.goorm.io/lecture/13062/생활코딩-source-tree로-git-활용하기
263,웹 프로그래밍 - 프로그래밍,생활코딩 - CodeIgniter,생활코딩,0,5.0,"""코드이그나이터 스터디도 다니고 했지만 대부분 실무에서 바로 사용하시는 분들이라 이해가 조금 부족했는데 A to Z 로 너무 쉽게 베우고 있습니다.  감사합니다!""",https://edu.goorm.io/lecture/13064/생활코딩-codeigniter
264,프로그래밍 - 알고리즘,제코베 Code Festival: Python 100제,제주코딩베이스캠프,55000,3.0,,https://edu.goorm.io/lecture/12206/제코베-code-festival-python-100제
265,프로그래밍 - 모바일 프로그래밍,Java 기반 Android 9.0 Pie App 개발 고급,소프트캠퍼스,27500,0.0,,https://edu.goorm.io/lecture/13200/java-기반-android-9-0-pie-app-개발-고급
266,웹 프로그래밍 - 프로그래밍,처음 시작하는 CSS&CSS3 Tutorial,소프트캠퍼스,11000,5.0,,https://edu.goorm.io/lecture/13207/처음-시작하는-css-css3-tutorial
267,웹 프로그래밍 - 프로그래밍,[바로실습] 생활코딩 - WEB2: PHP,생활코딩,0,5.0,"""good!good!""",https://edu.goorm.io/lecture/13048/바로실습-생활코딩-web2-php
268,웹 프로그래밍 - 프로그래밍,생활코딩 - WEB2: OAuth 2.0,생활코딩,0,5.0,,https://edu.goorm.io/lecture/13047/생활코딩-web2-oauth-2-0
269,웹 프로그래밍 - 프로그래밍,[바로실습] 생활코딩 - WEB2: CSS,생활코딩,0,5.0,"""명확한 해설과 예제. 정말 좋습니다.""",https://edu.goorm.io/lecture/13045/바로실습-생활코딩-web2-css
270,프로그래밍 - 프로그래밍 기초,한 눈에 끝내는 자바 기초,구름,99000,4.9,"""초심자가 보기에 좋은 강의입니다""",https://edu.goorm.io/lecture/12243/한-눈에-끝내는-자바-기초
271,프로그래밍 - 모바일 프로그래밍,Java 기반 Android 9.0 Pie App 개발 심화,소프트캠퍼스,27500,0.0,,https://edu.goorm.io/lecture/13112/java-기반-android-9-0-pie-app-개발-심화
272,프로그래밍 - 모바일 프로그래밍,Java 기반 Android 9.0 Pie App 개발 기본,소프트캠퍼스,27500,0.0,,https://edu.goorm.io/lecture/13082/java-기반-android-9-0-pie-app-개발-기본
273,프로그래밍 - 알고리즘,다시 풀어보는 2019 정보올림피아드 1차 대회 기출문제,구름,0,4.3,"""직접 풀어볼 수 있어서 좋아요""",https://edu.goorm.io/lecture/13095/다시-풀어보는-2019-정보올림피아드-1차-대회-기출문제
274,프로그래밍 - 개발 도구,생활코딩 - Atom Editor,생활코딩,0,5.0,""" """,https://edu.goorm.io/lecture/13044/생활코딩-atom-editor
275,웹 프로그래밍 - 프로그래밍,생활코딩 - WEB2: Node.js,생활코딩,0,5.0,"""너무 좋아요 우효www """,https://edu.goorm.io/lecture/13049/생활코딩-web2-node-js
276,웹 프로그래밍 - 프로그래밍,생활코딩 - WEB1: HTML & Internet,생활코딩,0,5.0,"""차분한 설명에 이해가 잘되네요 좋습니다""",https://edu.goorm.io/lecture/12959/생활코딩-web1-html-and-internet
277,웹 프로그래밍 - 프로그래밍,생활코딩 - WEB2: JavaScript,생활코딩,0,5.0,"""무료 강의임에도 강의 퀄리티는 좋습니다""",https://edu.goorm.io/lecture/12906/생활코딩-web2-javascript
278,웹 프로그래밍 - 프로그래밍,Bootstrap 4 & 3 Framework Tutorial,소프트캠퍼스,22000,0.0,,https://edu.goorm.io/lecture/13039/bootstrap-4-3-framework-tutorial
279,웹 프로그래밍 - 프로그래밍,Vue.js로 시작하는 SPA 개발,계성혁,0,4.9,"""Vue JS 강의 찾고있었는데 기초 강의 정말 좋아요! 무료로 지식을 공유해주셔서 감사드립니다.""",https://edu.goorm.io/lecture/13020/vue-js로-시작하는-spa-개발
280,프로그래밍 - 보안,대회 문제 풀이로 이해하는 디스크 포렌식 분석,보안프로젝트,77000,0.0,,https://edu.goorm.io/lecture/13018/대회-문제-풀이로-이해하는-디스크-포렌식-분석
281,웹 프로그래밍 - 프로그래밍,Start Google Angular.js,소프트캠퍼스,22000,0.0,,https://edu.goorm.io/lecture/13019/start-google-angular-js
282,웹 프로그래밍 - 프로그래밍,생활코딩 - 리액트 (React),생활코딩,0,5.0,"""ㄹㅇ 핵심만 쏙쏙 뽑아주는 강의 """,https://edu.goorm.io/lecture/12949/생활코딩-리액트-react
283,프로그래밍 - 데브옵스,생활코딩 - 리눅스(Linux),생활코딩,0,4.9,"""쉽고 편하게 설명해주셔서 듣기 좋아요""",https://edu.goorm.io/lecture/12984/생활코딩-리눅스-linux
284,프로그래밍 - 개발 도구,생활코딩 - 크롬 개발자도구,생활코딩,0,5.0,,https://edu.goorm.io/lecture/12983/생활코딩-크롬-개발자도구
285,프로그래밍 - 기타,"생활코딩 - 네트워크 개념 잡기 (도메인, 네임서버, HTTPS)",생활코딩,0,5.0,"""최고입니다.""",https://edu.goorm.io/lecture/12973/생활코딩-네트워크-개념-잡기-도메인-네임서버-https
286,웹 프로그래밍 - 프로그래밍,생활코딩 - 정규표현식,생활코딩,0,5.0,"""아주 흥겹습니다.""",https://edu.goorm.io/lecture/12972/생활코딩-정규표현식
287,프로그래밍 - 개발 도구,생활코딩 - 지옥에서 온 Git,생활코딩,0,5.0,"""쉽게 설명 해주세요!""",https://edu.goorm.io/lecture/12948/생활코딩-지옥에서-온-git
288,프로그래밍 - 데이터베이스,MongoDB(몽고) 기초 다지기,아이티고,20000,0.0,,https://edu.goorm.io/lecture/12879/mongodb-몽고-기초-다지기
289,프로그래밍 - 데브옵스,생활코딩 - 아마존 웹 서비스 (AWS),생활코딩,0,4.2,"""잘 따라하고 있습니다. 상세히 잘 알려주셔서 좋아요""",https://edu.goorm.io/lecture/12947/생활코딩-아마존-웹-서비스-aws
290,웹 프로그래밍 - 프로그래밍,[저자 직강 바로 실행] Do it! 웹 프로그래밍을 위한 자바스크립트 기본 편,이지스퍼블리싱,0,4.8,"""뒷부분도 찍어주세요ㅠㅠㅠ""",https://edu.goorm.io/lecture/12915/저자-직강-바로-실행-do-it-웹-프로그래밍을-위한-자바스크립트-기본-편
291,프로그래밍 - 보안,[디지털 포렌식 시리즈3] 디지털 포렌식 전문가 2급 실기 과정 (Digital Forensic 자격증 최신 과정),보안프로젝트,99000,0.0,,https://edu.goorm.io/lecture/12923/디지털-포렌식-시리즈3-디지털-포렌식-전문가-2급-실기-과정-digital-forensic-자격증-최신-과정
292,프로그래밍 - 보안,[디지털 포렌식 시리즈2] 디지털 포렌식 분석 자격증 2급 필기 대비,보안프로젝트,110000,0.0,,https://edu.goorm.io/lecture/12922/디지털-포렌식-시리즈2-디지털-포렌식-분석-자격증-2급-필기-대비
293,프로그래밍 - 보안,레나(Lena)를 활용한 윈도우 리버싱 완벽 이해,보안프로젝트,165000,0.0,,https://edu.goorm.io/lecture/12847/레나-lena-를-활용한-윈도우-리버싱-완벽-이해
294,웹 프로그래밍 - 프로그래밍,[저자 직강] Do it! Node.js 프로그래밍,이지스퍼블리싱,0,4.9,"""프론트앤드인데 백앤드 처리 과정을 이해하고 싶어서 차근차근 수강중입니다. 강사님께서 처음부터 끝까지 친절하게 다 설명해주셔서 재미있고 이해가 잘돼요! 강의 만들어주셔서 감사합니다 💕""",https://edu.goorm.io/lecture/12534/저자-직강-do-it-node-js-프로그래밍
295,웹 프로그래밍 - 프로그래밍,[저자 직강 바로 실행] Do it! 자바스크립트 + 제이쿼리 입문,이지스퍼블리싱,0,5.0,,https://edu.goorm.io/lecture/12563/저자-직강-바로-실행-do-it-자바스크립트-제이쿼리-입문
296,웹 프로그래밍 - 프로그래밍,[저자 직강 바로 실행] Do it! HTML5 + CSS3 웹 표준의 정석,이지스퍼블리싱,0,4.4,"""이해하기 쉽고 자세한 설명은 좋으나  동영상을 멈추었을 때 동영상 더보기 화면이 계속 띄어서 불편합니다.""",https://edu.goorm.io/lecture/12565/저자-직강-바로-실행-do-it-html5-css3-웹-표준의-정석
297,웹 프로그래밍 - 프로그래밍,[저자 직강 바로 실행] Do it! 프런트엔드 웹 디자인 입문,이지스퍼블리싱,0,5.0,,https://edu.goorm.io/lecture/12583/저자-직강-바로-실행-do-it-프런트엔드-웹-디자인-입문
298,프로그래밍 - 블록 프로그래밍,[연재] 스크래치 3.0 완전정복,박동호,0,3.0,,https://edu.goorm.io/lecture/12178/연재-스크래치-3-0-완전정복
299,웹 프로그래밍 - 프로그래밍,게임으로 배우는 JavaScript,노마드 크리에이터 Nomad Creator,0,5.0,,https://edu.goorm.io/lecture/12256/게임으로-배우는-javascript
300,프로그래밍 - 수학,스크래치 코딩으로 배우는 수학의 개념과 원리,노마드 크리에이터 Nomad Creator,0,0.0,,https://edu.goorm.io/lecture/12267/스크래치-코딩으로-배우는-수학의-개념과-원리
301,프로그래밍 - 모바일 프로그래밍,무작정 시작하는 안드로이드 개발,노마드 크리에이터 Nomad Creator,0,0.0,,https://edu.goorm.io/lecture/12250/무작정-시작하는-안드로이드-개발
302,프로그래밍 - 데이터 추출/분석,아두이노를 이용한 기상정보 수집과 빅데이터 분석,노마드 크리에이터 Nomad Creator,0,0.0,,https://edu.goorm.io/lecture/12249/아두이노를-이용한-기상정보-수집과-빅데이터-분석
303,웹 프로그래밍 - 프로그래밍,React와 Node.js를 활용한 고객 관리 시스템 개발,나동빈,0,4.9,"""남잔데 목소리에 치인다 ㄷㄷ 일단 별5개 꽂고 갑니다.""",https://edu.goorm.io/lecture/11817/react와-node-js를-활용한-고객-관리-시스템-개발
304,프로그래밍 - 모바일 프로그래밍,"Flutter 입문 - 안드로이드, iOS 개발을 한 번에",오준석,33000,3.5,,https://edu.goorm.io/lecture/11572/flutter-입문-안드로이드-ios-개발을-한-번에
305,프로그래밍 - 알고리즘,위클리 비타알고 시즌1 코딩테스트 초급부터 중급까지,구름,200000,5.0,"""매주매주 업그레이드 되는 느낌이 옵니다""",https://edu.goorm.io/lecture/11220/위클리-비타알고-시즌1-코딩테스트-초급부터-중급까지
306,프로그래밍 - 게임 개발,레트로의 유니티 C# 프로그래밍 에센스,I_Jemin,88000,5.0,"""c# 처음 접하는 사람이지만 유니티 기반으로 쉽게 이해 할수 있게 해주셨습니다.  당연히 처음이니 제가 어려워 하는건 당연한거지만 그림으로 설명하면서 이해를 돕기 위해  해주셔서 감사합니다. """,https://edu.goorm.io/lecture/11204/레트로의-유니티-c-프로그래밍-에센스
307,프로그래밍 - 개발 도구,Git으로 시작하는 협업 및 오픈소스 프로젝트,나동빈,0,4.9,"""최고..!""",https://edu.goorm.io/lecture/11528/git으로-시작하는-협업-및-오픈소스-프로젝트
308,프로그래밍 - 보안,자바로 이해하는 블록체인 이론과 실습,나동빈,0,5.0,"""이해가 잘 되고있어요""",https://edu.goorm.io/lecture/11527/자바로-이해하는-블록체인-이론과-실습
309,프로그래밍 - 보안,모의 해킹으로 배우는 ARP 스푸핑 해킹 기법,나동빈,0,5.0,"""z""",https://edu.goorm.io/lecture/11409/모의-해킹으로-배우는-arp-스푸핑-해킹-기법
310,프로그래밍 - 인공지능,안경잡이개발자가 알려주는 텐서플로우&머신러닝,나동빈,0,5.0,"""좋은 강의 감사합니다. """,https://edu.goorm.io/lecture/11408/안경잡이개발자가-알려주는-텐서플로우and머신러닝
311,프로그래밍 - 프로그래밍 기초,김왼손의 파이썬 예제 뽀개기,김왼손의 왼손코딩,0,5.0,"""역시 코딩은 해보면서 하는게 짱인듯 :)  좋은 문제와 풀이 모두 감사합니다. """,https://edu.goorm.io/lecture/11205/김왼손의-파이썬-예제-뽀개기
312,프로그래밍 - 데이터베이스,이것이 PL/SQL 이다!,David Justin,13200,3.0,,https://edu.goorm.io/lecture/11000/이것이-pl-sql-이다
313,프로그래밍 - 프로그래밍 교양,[2018 디지털스쿨백팩] SW 아이디어 콘서트 수상작/출품작 갤러리,구름,0,0.0,,https://edu.goorm.io/lecture/10682/2018-디지털스쿨백팩-sw-아이디어-콘서트-수상작-출품작-갤러리
314,웹 프로그래밍 - 프로그래밍,코알못에서 웹서비스 런칭까지: 온라인 제주 코딩 베이스캠프,제주코딩베이스캠프,99000,4.9,"""최고의 강사진들이 웹 개발의 처음부터 끝까지 가르쳐주는 명강의입니다. 웹개발에 관심있는 모든 분들께 추천드립니다!! ^^""",https://edu.goorm.io/lecture/10983/코알못에서-웹서비스-런칭까지-온라인-제주-코딩-베이스캠프
315,프로그래밍 - 프로그래밍 기초,안경잡이개발자가 알려주는 자바 기초 프로그래밍,나동빈,0,4.9,"""듣기 좋습니다.""",https://edu.goorm.io/lecture/10727/안경잡이개발자가-알려주는-자바-기초-프로그래밍
316,웹 프로그래밍 - 프로그래밍,웹 게임을 만들며 배우는 JavaScript(자바스크립트),조현영,0,4.9,"""재밌어요!""",https://edu.goorm.io/lecture/10954/웹-게임을-만들며-배우는-javascript-자바스크립트
317,프로그래밍 - 데이터베이스,생활코딩 - DATABASE2: lowdb,생활코딩,0,0.0,,https://edu.goorm.io/lecture/10846/생활코딩-database2-lowdb
318,프로그래밍 - 데이터베이스,생활코딩 - DATABASE2: MySQL,생활코딩,0,5.0,"""차근차근 배울 수 있어서 좋습니다~""",https://edu.goorm.io/lecture/10845/생활코딩-database2-mysql
319,프로그래밍 - 블록 프로그래밍,[2018 우수활용사례 수상작] 교과서와 함께 배우는 컴퓨팅 사고력,김규섭,0,0.0,,https://edu.goorm.io/lecture/10681/2018-우수활용사례-수상작-교과서와-함께-배우는-컴퓨팅-사고력
320,프로그래밍 - 데이터베이스,생활코딩 - DATABASE1,생활코딩,0,5.0,"""이해하기 좋았어요.""",https://edu.goorm.io/lecture/10844/생활코딩-database1
321,프로그래밍 - 블록 프로그래밍,슬기로운 학교생활(코딩편),윤남호,0,5.0,"""알기 쉽고 유익해요!""",https://edu.goorm.io/lecture/10672/슬기로운-학교생활-코딩편
322,프로그래밍 - 블록 프로그래밍,SW로 달리는 미래 자동차 만들기,KIM KM,0,4.6,"""재미있어요""",https://edu.goorm.io/lecture/10671/sw로-달리는-미래-자동차-만들기
323,프로그래밍 - 알고리즘,안경잡이개발자가 알려주는 실전 알고리즘 강좌,나동빈,0,5.0,"""정말 잘 듣고 있습니다 감사합니다 !!""",https://edu.goorm.io/lecture/10710/안경잡이개발자가-알려주는-실전-알고리즘-강좌
324,프로그래밍 - 블록 프로그래밍,코딩으로 한. 수. 배우다!,이대혁,0,5.0,,https://edu.goorm.io/lecture/10673/코딩으로-한-수-배우다
325,프로그래밍 - 프로그래밍 기초,안경잡이개발자가 알려주는 C언어 기초 프로그래밍,나동빈,0,5.0,"""좋아용""",https://edu.goorm.io/lecture/10719/안경잡이개발자가-알려주는-c언어-기초-프로그래밍
326,프로그래밍 - 게임 개발,실전 게임 개발로 배우는 언리얼 엔진 강의,윤인성,0,5.0,"""강의를 쉽게 이해할수 있게 잘 가르쳐 주시네요 """,https://edu.goorm.io/lecture/4484/실전-게임-개발로-배우는-언리얼-엔진-강의
327,프로그래밍 - 게임 개발,[절대강좌! 유니티 2018] Zerodeg과 함께 공부해보기,Zerodeg J,0,5.0,,https://edu.goorm.io/lecture/10107/절대강좌-유니티-2018-zerodeg과-함께-공부해보기
328,프로그래밍 - 게임 개발,[3D 유니티] 생존게임 만들기! - Advanced,김으뜸,11000,4.7,"""완전초보인데 따라갈 수 있을정도입니다""",https://edu.goorm.io/lecture/9970/3d-유니티-생존게임-만들기-advanced
329,프로그래밍 - 프로그래밍 기초,2018 온라인 코딩 파티 시즌2 - 텍스트 코딩 용사가 되자!!!,구름,0,4.9,"""재미있어요!""",https://edu.goorm.io/lecture/6443/2018-온라인-코딩-파티-시즌2-텍스트-코딩-용사가-되자
330,프로그래밍 - 블록 프로그래밍,[스낵코딩] 코딩술사,ALUX,0,5.0,,https://edu.goorm.io/lecture/6198/스낵코딩-코딩술사
331,프로그래밍 - 블록 프로그래밍,[스낵코딩] 코딩더테이블,ALUX,0,0.0,,https://edu.goorm.io/lecture/5999/스낵코딩-코딩더테이블
332,웹 프로그래밍 - 프로그래밍,한 눈에 끝내는 Node.js,구름,0,4.9,"""문서로 작성되어 내가 원하는 부분만 빠르게 읽고 학습할 수있어서 너무 좋다.""",https://edu.goorm.io/lecture/557/한-눈에-끝내는-node-js
333,프로그래밍 - 프로그래밍 기초,한 눈에 끝내는 고랭 기초,구름,0,4.9,"""좋아요 ㅎㅎ""",https://edu.goorm.io/lecture/2010/한-눈에-끝내는-고랭-기초
334,프로그래밍 - 게임 개발,[3D Unity] 생존게임 만들기! - Basic,김으뜸,0,4.9,"""개좋음""",https://edu.goorm.io/lecture/5026/3d-unity-생존게임-만들기-basic
335,프로그래밍 - 보안,화이트해커가 되기 위한 8가지 웹 해킹 기술,secuacademy,0,5.0,"""열심히 하고있습니다 ㅠ0ㅠ 파이팅~""",https://edu.goorm.io/lecture/4953/화이트해커가-되기-위한-8가지-웹-해킹-기술
336,프로그래밍 - 인공지능,머신러닝 이론 및 파이썬 실습,Minsuk Heo,0,4.9,"""이해하기 쉽게 알려주셔서 너무 좋습니다!""",https://edu.goorm.io/lecture/4012/머신러닝-이론-및-파이썬-실습
337,프로그래밍 - 프로그래밍 기초,"[2017 NIA SW교안 공유 공모전] C언어, 스크래치를 통해 알아보자",윤제성,0,4.7,"""so so""",https://edu.goorm.io/lecture/1647/2017-nia-sw교안-공유-공모전-c언어-스크래치를-통해-알아보자
338,프로그래밍 - 개발 도구,Git & GitHub 입문 by 코드스쿼드,코드스쿼드,0,4.9,"""좋아요 """,https://edu.goorm.io/lecture/4661/git-github-입문-by-코드스쿼드
339,프로그래밍 - 프로그래밍 기초,헬로 코딩 쌩초보의 처음 프로그래밍 파이썬,윤인성,0,5.0,,https://edu.goorm.io/lecture/4112/헬로-코딩-쌩초보의-처음-프로그래밍-파이썬
340,프로그래밍 - 개발 도구,구름IDE를 이용하여 초고속으로 개인 웹 사이트 만들기,나동빈,0,5.0,"""아직 홈페이지를 안 만들었지만 유익할 것 같습니다""",https://edu.goorm.io/lecture/4543/구름ide를-이용하여-초고속으로-개인-웹-사이트-만들기
341,웹 프로그래밍 - 프로그래밍,모던 자바스크립트 개발자를 위한 리액트 프로그래밍,윤인성,0,4.9,"""ㅇ""",https://edu.goorm.io/lecture/4113/모던-자바스크립트-개발자를-위한-리액트-프로그래밍
342,프로그래밍 - 프로그래밍 교양,파이콘 2018 영코더 with 바울랩,이호준,0,5.0,"""무한반복갑니다""",https://edu.goorm.io/lecture/3990/파이콘-2018-영코더-with-바울랩
343,웹 프로그래밍 - 프로그래밍,모던 웹을 위한 JavaScript + jQuery 입문,윤인성,0,5.0,""".""",https://edu.goorm.io/lecture/4110/모던-웹을-위한-javascript-jquery-입문
344,프로그래밍 - 기타,개발자가 알려주는 코딩 인터뷰 정복하기,Minsuk Heo,0,0.0,,https://edu.goorm.io/lecture/4014/개발자가-알려주는-코딩-인터뷰-정복하기
345,프로그래밍 - 데이터 추출/분석,"ELK 스택(ElasticSearch, Logstash, Kibana)으로 데이터 분석",Minsuk Heo,0,4.9,""".""",https://edu.goorm.io/lecture/4013/elk-스택-elasticsearch-logstash-kibana-으로-데이터-분석
346,웹 프로그래밍 - 프로그래밍,[바로실습] 생활코딩 - WEB3: 익스프레스(Express),생활코딩,0,5.0,"""역시 생활코딩입니다 :)""",https://edu.goorm.io/lecture/3846/바로실습-생활코딩-web3-익스프레스-express
347,프로그래밍 - 인공지능,머신러닝/딥러닝 실전 입문,윤인성,0,4.5,,https://edu.goorm.io/lecture/4111/머신러닝-딥러닝-실전-입문
348,프로그래밍 - 데이터 추출/분석,[Pandas] 팬더스 데이터분석 기초 실습,Minsuk Heo,0,4.8,"""쉽게 잘 가르쳐주셔요""",https://edu.goorm.io/lecture/3999/pandas-팬더스-데이터분석-기초-실습
349,프로그래밍 - 프로그래밍 기초,한 눈에 끝내는 루비 기초,구름,39000,4.9,"""Good!""",https://edu.goorm.io/lecture/2011/한-눈에-끝내는-루비-기초
350,프로그래밍 - 게임 개발,유니티 강좌 [쯔꾸르풍 게임 제작하기],김으뜸,0,5.0,"""유니티 첨듣는 사람한테 살짝 벅찬감이 잇을정도의 난이도라 스스로 찾으면서 공부하기에 좋네요. """,https://edu.goorm.io/lecture/3991/유니티-강좌-쯔꾸르풍-게임-제작하기
351,프로그래밍 - 인공지능,모두를 위한 딥러닝 - Deep Reinforcement Learning,Sung Kim,0,5.0,,https://edu.goorm.io/lecture/3980/모두를-위한-딥러닝-deep-reinforcement-learning
352,프로그래밍 - 프로그래밍 기초,MATLAB으로 시작하는 프로그래밍,박범진,0,5.0,"""좋아요!""",https://edu.goorm.io/lecture/3977/matlab으로-시작하는-프로그래밍
353,프로그래밍 - 인공지능,모두를 위한 딥러닝 - 기본적인 머신러닝과 딥러닝,Sung Kim,0,5.0,"""쉽게 설명해주셔서 이해가 잘 됩니다.""",https://edu.goorm.io/lecture/3979/모두를-위한-딥러닝-기본적인-머신러닝과-딥러닝
354,웹 프로그래밍 - 프로그래밍,[ Ruby Coin ] Rails로 쉽고 빠른 웹사이트 만들기,Karoid,0,4.7,"""설명을 잘 해주셔요!""",https://edu.goorm.io/lecture/1928/ruby-coin-rails로-쉽고-빠른-웹사이트-만들기
355,프로그래밍 - 프로그래밍 기초,[저자직강] Hello Coding 한입에 쏙 파이썬: 크리에이터 김왼손의 쉽고 빠른 파이썬 강의,김왼손의 왼손코딩,0,5.0,"""예제를 바로바로 실행해보면서 쉽게 배울 수 있어서 좋습니다.""",https://edu.goorm.io/lecture/3856/저자직강-hello-coding-한입에-쏙-파이썬-크리에이터-김왼손의-쉽고-빠른-파이썬-강의
356,프로그래밍 - 기타,정보처리산업기사 기출문제,구름,0,5.0,"""예전에 공부했던걸 더듬어가며 풀어봤는데 역시나 과락했네요 기출문제지만 온라인에서 쉽게 풀어보고 점수까지 확인해주니 좋아요""",https://edu.goorm.io/lecture/3755/정보처리산업기사-기출문제
357,프로그래밍 - 알고리즘,다시 풀어보는 2016/2017 정보올림피아드 지역 대회 초등부 기출 문제,구름,0,5.0,,https://edu.goorm.io/lecture/3746/다시-풀어보는-2016-2017-정보올림피아드-지역-대회-초등부-기출-문제
358,프로그래밍 - 알고리즘,다시 풀어보는 2016/2017 정보올림피아드 지역 대회 중등부 기출 문제,구름,0,0.0,,https://edu.goorm.io/lecture/3745/다시-풀어보는-2016-2017-정보올림피아드-지역-대회-중등부-기출-문제
359,프로그래밍 - 알고리즘,다시 풀어보는 2016/2017 정보올림피아드 지역 대회 고등부 기출 문제,구름,0,0.0,,https://edu.goorm.io/lecture/3744/다시-풀어보는-2016-2017-정보올림피아드-지역-대회-고등부-기출-문제
360,프로그래밍 - 모바일 프로그래밍,IOS Firebase 강의,하울의 코딩 채널,0,5.0,,https://edu.goorm.io/lecture/3530/ios-firebase-강의
361,프로그래밍 - 모바일 프로그래밍,안드로이드 Firebase 강의,하울의 코딩 채널,0,0.0,,https://edu.goorm.io/lecture/3528/안드로이드-firebase-강의
362,프로그래밍 - 모바일 프로그래밍,Node.js Firebase - Function,하울의 코딩 채널,0,5.0,,https://edu.goorm.io/lecture/3570/node-js-firebase-function
363,프로그래밍 - 프로그래밍 기초,[바로실습] 생활코딩 - 자바스크립트(Javascript),생활코딩,0,5.0,"""잘 듣고 있습니다""",https://edu.goorm.io/lecture/2229/바로실습-생활코딩-자바스크립트-javascript
364,프로그래밍 - 프로그래밍 기초,김왼손의 유기농냠냠파이썬,김왼손의 왼손코딩,0,5.0,"""강좌의 길이가 짧아 쉽게 집중할 수 있고 wrap up으로 간단하게 정리되어있어 전에 배운 내용을 쉽게 복습할 수 있다.""",https://edu.goorm.io/lecture/3524/김왼손의-유기농냠냠파이썬
365,프로그래밍 - 모바일 프로그래밍,HowlTalk - Android (Firebase),하울의 코딩 채널,0,5.0,,https://edu.goorm.io/lecture/3533/howltalk-android-firebase
366,프로그래밍 - 모바일 프로그래밍,HowlTalk - IOS(Firebase),하울의 코딩 채널,0,0.0,,https://edu.goorm.io/lecture/3532/howltalk-ios-firebase
367,프로그래밍 - 모바일 프로그래밍,Node.js 서버 개발,하울의 코딩 채널,0,4.8,"""아쉬운 부분은 음..전체적으로 수업이 혼자서 진행하는 형식같고.. 좀더 어떻게 흘러가는지랑 확대하는 기능들을 많이 사용했으면 하네요..글씨도 작고..혼자 후루룩 나가버려서 아쉽네요..뭐가 뭔지도 잘 모르겠어요..ㅜㅜ""",https://edu.goorm.io/lecture/3534/node-js-서버-개발
368,프로그래밍 - 모바일 프로그래밍,안드로이드 앱 개발 강의 - 기초편,하울의 코딩 채널,0,4.6,"""처음엔 너무 생소했으나 차차 적응되어 잘 배우고 있고 설명 좋게 들었습니다""",https://edu.goorm.io/lecture/3523/안드로이드-앱-개발-강의-기초편
369,프로그래밍 - 모바일 프로그래밍,Swift3 아이폰 앱 강의-초보,하울의 코딩 채널,0,4.3,"""이번에 새롭게 아이폰 swift 강의 듣고 있습니다""",https://edu.goorm.io/lecture/3527/swift3-아이폰-앱-강의-초보
370,프로그래밍 - 프로그래밍 기초,C 프로그래밍 - 입문에서 게임 개발까지,나도코딩,0,5.0,"""쉽게 설명해주셔서 좋아요""",https://edu.goorm.io/lecture/1972/c-프로그래밍-입문에서-게임-개발까지
371,프로그래밍 - 블록 프로그래밍,스크래치3 프로그래밍 - 기초부터 게임 만들기까지!,구름,0,4.8,"""쉬워서 이해가 잘되요!""",https://edu.goorm.io/lecture/1478/스크래치3-프로그래밍-기초부터-게임-만들기까지
372,프로그래밍 - 프로그래밍 기초,한 눈에 끝내는 파이썬3 기초,구름,99000,4.9,"""오랜만에 프로그래밍을 하는데 복습하기에 난이도가 매우 적합하고 처음 입문하는 입문자들에게도 적당한 난이도임. 프로젝트 파트는 해설까지 있어 어려움을 겪는 사람에게 도움이 되어 좋다고 생각함""",https://edu.goorm.io/lecture/3493/한-눈에-끝내는-파이썬3-기초
373,프로그래밍 - 블록 프로그래밍,엔트리 기초부터 활용까지 정글코딩!,정글코딩,0,5.0,,https://edu.goorm.io/lecture/2164/엔트리-기초부터-활용까지-정글코딩
374,프로그래밍 - 프로그래밍 교양,[PYCON2017 시리즈] 머신러닝을 위한 기초 수학 살펴보기,MinJae Kwon,0,4.0,"""excellent""",https://edu.goorm.io/lecture/1489/pycon2017-시리즈-머신러닝을-위한-기초-수학-살펴보기
375,프로그래밍 - 프로그래밍 교양,[PYCON2017 시리즈] 파이썬에서 보다 정확한 숫자 계산하기,leehosung,0,5.0,"""설명이 좋은 것 같아요""",https://edu.goorm.io/lecture/1488/pycon2017-시리즈-파이썬에서-보다-정확한-숫자-계산하기
376,프로그래밍 - 프로그래밍 교양,[PYCON2017 시리즈] 처음부터 알아보는 웹 크롤러,Lee Junbum,0,5.0,"""실습 코드가 제대로 돌아가지 않는데, 왜인지 모르겠네요. 수정되었다고 하셔서 계속 해봤지만 돌아가질 않아 일단 개념만 넣는 느낌으로 학습하고 있습니다!""",https://edu.goorm.io/lecture/1487/pycon2017-시리즈-처음부터-알아보는-웹-크롤러
377,프로그래밍 - 프로그래밍 교양,실리콘밸리의 개발자,구름,0,4.5,""".""",https://edu.goorm.io/lecture/1490/실리콘밸리의-개발자
378,프로그래밍 - 프로그래밍 기초,김왼손의 미운코딩새끼: 4시간만에 끝내는 파이썬 기초,김왼손의 왼손코딩,0,4.9,"""급하게 기초 파이썬을 필요로 해서 자료를 찾아다녔는데, 정말 쉽고 간단하게 설명해서 좋았습니다. 덕분에 기초지만 하루컷 할 수 있었네요.""",https://edu.goorm.io/lecture/1461/김왼손의-미운코딩새끼-4시간만에-끝내는-파이썬-기초
379,프로그래밍 - 블록 프로그래밍,엔트리 프로그래밍 - 기초부터 게임 만들기까지!,구름,0,4.8,"""재미있고 흥미를 느꼈어요""",https://edu.goorm.io/lecture/1361/엔트리-프로그래밍-기초부터-게임-만들기까지
380,프로그래밍 - 알고리즘,실전 유형 코딩 테스트 모의고사 - 시즌3,구름,80000,4.0,""" """,https://edu.goorm.io/lecture/1271/실전-유형-코딩-테스트-모의고사-시즌3
381,프로그래밍 - 알고리즘,실전 유형 코딩 테스트 모의고사 - 시즌2,구름,100000,3.7,"""ㅍ""",https://edu.goorm.io/lecture/1239/실전-유형-코딩-테스트-모의고사-시즌2
382,프로그래밍 - 알고리즘,실전 유형 코딩 테스트 모의고사 - 시즌4,구름,100000,4.7,"""도움되요""",https://edu.goorm.io/lecture/1193/실전-유형-코딩-테스트-모의고사-시즌4
383,프로그래밍 - 프로그래밍 기초,야곰의 스위프트 프로그래밍,야곰,0,5.0,"""기초를 잡기좋아요""",https://edu.goorm.io/lecture/1141/야곰의-스위프트-프로그래밍
384,프로그래밍 - 알고리즘,실전 유형 코딩 테스트 모의고사 - 시즌1,구름,100000,3.8,"""온라인 코딩 테스트 막연했는데 많은 도움받았습니다.""",https://edu.goorm.io/lecture/970/실전-유형-코딩-테스트-모의고사-시즌1
385,프로그래밍 - 프로그래밍 기초,[바로실습] 생활코딩 - 자바(JAVA),생활코딩,0,4.8,"""완벽합니다.""",https://edu.goorm.io/lecture/41/바로실습-생활코딩-자바-java
386,웹 프로그래밍 - 프로그래밍,TODO 앱을 직접 만들면서 배우는 node.js / express / bootstrap / jquery,구름,0,4.9,"""좋아요""",https://edu.goorm.io/lecture/332/todo-앱을-직접-만들면서-배우는-node-js-express-bootstrap-jquery
387,프로그래밍 - 프로그래밍 교양,PYCON 2017 영코더,구름,0,3.5,"""수료증 어디서 얻나요?""",https://edu.goorm.io/lecture/787/pycon-2017-영코더
388,프로그래밍 - 프로그래밍 교양,제1회 구름코드챌린지(GCC) 기출 문제,구름,0,3.0,,https://edu.goorm.io/lecture/790/제1회-구름코드챌린지-gcc-기출-문제
389,프로그래밍 - 프로그래밍 기초,[바로실습] 생활코딩 - 파이썬(Python),생활코딩,0,4.8,"""굿""",https://edu.goorm.io/lecture/44/바로실습-생활코딩-파이썬-python
390,프로그래밍 - IoT,한 눈에 끝내는 아두이노 기초,구름,0,4.5,"""기대되는 강좌입니다.""",https://edu.goorm.io/lecture/203/한-눈에-끝내는-아두이노-기초
391,프로그래밍 - 알고리즘,10주 완성 알고리즘 코딩테스트,코딩몬스터,200000,4.5,"""이해하기 쉬워요! """,https://edu.goorm.io/lecture/554/10주-완성-알고리즘-코딩테스트
392,프로그래밍 - 프로그래밍 기초,한 눈에 끝내는 C언어 기초,구름,0,4.9,"""Good""",https://edu.goorm.io/lecture/201/한-눈에-끝내는-c언어-기초
