,제목,가격,강사,URL,카테고리,리뷰
0,HTML5 & CSS3 기초 문법 올인원,무료,개발자 이도해,https://edu.goorm.io/lecture/28488/html5-css3-기초-문법-올인원,웹 프로그래밍 - 프로그래밍,[]
1,컴퓨터 GUI 앱을 만들면서 tkinter 배우기,무료,행보칸코딩,https://edu.goorm.io/lecture/28428/컴퓨터-gui-앱을-만들면서-tkinter-배우기,프로그래밍 - 프로그래밍 기초,[]
2,[하루10분|Web-App] 생애최초 웹프레임워크 Ruby on Rails,무료,판다코딩,https://edu.goorm.io/lecture/28494/하루10분-web-app-생애최초-웹프레임워크-ruby-on-rails,웹 프로그래밍 - 프로그래밍,[]
3,실전!웹사이트제작 Step By Step! (Basic 강좌 : 쌩초보 코스),"₩10,000",J.young,https://edu.goorm.io/lecture/28099/실전-웹사이트제작-step-by-step-basic-강좌-쌩초보-코스,프로그래밍 - 프로그래밍 기초,[]
4,실전!웹사이트제작 Step By Step! (클론코딩 : 포메인사이트제작 - 풀페이지),"₩28,000",J.young,https://edu.goorm.io/lecture/28100/실전-웹사이트제작-step-by-step-클론코딩-포메인사이트제작-풀페이지,웹 프로그래밍 - 프로그래밍,[]
5,실전!웹사이트제작 Step By Step! (클론코딩 : crew a la Mode 사이트제작 - 반응형웹),"₩28,000",J.young,https://edu.goorm.io/lecture/28057/실전-웹사이트제작-step-by-step-클론코딩-crew-a-la-mode-사이트제작-반응형웹,웹 프로그래밍 - 프로그래밍,[]
6,퇴근후 텐서플로: Basic,무료,퇴근후딴짓,https://edu.goorm.io/lecture/28058/퇴근후-텐서플로-basic,프로그래밍 - 인공지능,['친절한 설명 👍 굳!!']
7,입문자를 위한 CSS 기초 강의,무료,유노코딩,https://edu.goorm.io/lecture/27976/입문자를-위한-css-기초-강의,웹 프로그래밍 - 프로그래밍,['ㅇ']
8,입문자를 위한 HTML 기초 강의,무료,유노코딩,https://edu.goorm.io/lecture/27971/입문자를-위한-html-기초-강의,웹 프로그래밍 - 프로그래밍,['너무 친절하고 자세하게 설명해주셔서 이해가 잘되고 너무 유익한 강의같습니다!']
9,Vuetify Admin Template 만들기 - 실전편,무료,짐코딩 GYM CODING,https://edu.goorm.io/lecture/27961/vuetify-admin-template-만들기-실전편,웹 프로그래밍 - 프로그래밍,[]
10,Vuetify Admin Template 만들기 - 기본편,무료,짐코딩 GYM CODING,https://edu.goorm.io/lecture/27955/vuetify-admin-template-만들기-기본편,웹 프로그래밍 - 프로그래밍,[]
11,[애플 공식 교재] iOS 앱 만들기 Part2,"₩38,500",코더스하이,https://edu.goorm.io/lecture/26757/애플-공식-교재-ios-앱-만들기-part2,프로그래밍 - 모바일 프로그래밍,['좋은 강의 감사합니다']
12,Jupyter Notebook으로 시작하는 Python,무료,박범진,https://edu.goorm.io/lecture/26535/jupyter-notebook으로-시작하는-python,프로그래밍 - 프로그래밍 기초,['잘 수강합니다']
13,[저자 직강] Do it! HTML/CSS/JS 웹 표준의 정석,무료,이지스퍼블리싱,https://edu.goorm.io/lecture/26571/저자-직강-do-it-html-css-js-웹-표준의-정석,웹 프로그래밍 - 프로그래밍,['알아듣기 쉽게 친절하게 설명해주시네요^^']
14,넘파이 마스터 클래스,"₩35,640",Shin's Lab,https://edu.goorm.io/lecture/26505/넘파이-마스터-클래스,프로그래밍 - 인공지능,[]
15,김버그의 UI 개발 부트캠프 - 경력같은 신입으로 레벨업,"₩50,000",김버그,https://edu.goorm.io/lecture/25681/김버그의-ui-개발-부트캠프-경력같은-신입으로-레벨업,웹 프로그래밍 - 프로그래밍,"['사랑합니다,,, 김버그님,, 버그님께서는 제 인생을 구원하셨어요.  저만 듣고 싶으면서도 동네방네 소문내고 싶은 강의입니다.']"
16,"가볍게 시작하는 C언어, 라이트 C",무료,범고래의 SW 공작소,https://edu.goorm.io/lecture/25515/가볍게-시작하는-c언어-라이트-c,프로그래밍 - 프로그래밍 기초,"['5강 째 듣고 있는데, 이렇게 초보자를 위해 무료로 강의를 열어주셔서 감사드립니다.\n교재도 딱 필요한 기본적인 내용만 컴팩트하게 들어있어 좋습니다. 강의 또한 예제 위주로 진행해 주셔서 이해가 잘 됩니다.\n앞으로도 잘 부탁드립니다!']"
17,빅데이터분석기사 필기 2021,"₩160,000",핵집,https://edu.goorm.io/lecture/26125/빅데이터분석기사-필기-2021,프로그래밍 - 데이터 추출/분석,[]
18,ESXi 가상 인프라 구축과 보안 솔루션을 활용한 이상징후 탐지 모니터링,"₩198,000",보안프로젝트,https://edu.goorm.io/lecture/26302/esxi-가상-인프라-구축과-보안-솔루션을-활용한-이상징후-탐지-모니터링,프로그래밍 - 보안,[]
19,누구나 블로그 개발 할 수 있다! React 기반 Gatsby로 기술 블로그 개발하기,무료,주현도,https://edu.goorm.io/lecture/25881/누구나-블로그-개발-할-수-있다-react-기반-gatsby로-기술-블로그-개발하기,웹 프로그래밍 - 프로그래밍,['좋아요\n']
20,실전! 웹사이트 제작 Step by Step - 호텔 라한 Application Course,"₩27,500",J.young,https://edu.goorm.io/lecture/26324/실전-웹사이트-제작-step-by-step-호텔-라한-application-course,웹 프로그래밍 - 프로그래밍,[]
21,딥러닝 네트워크의 연산,"₩39,000",Shin's Lab,https://edu.goorm.io/lecture/26039/딥러닝-네트워크의-연산,프로그래밍 - 인공지능,[]
22,데이터 시각화를 위한 파이썬,"₩39,000",Shin's Lab,https://edu.goorm.io/lecture/24603/데이터-시각화를-위한-파이썬,프로그래밍 - 데이터 추출/분석,[]
23,딥러닝을 위한 파이썬 레벨2,"₩39,000",Shin's Lab,https://edu.goorm.io/lecture/26038/딥러닝을-위한-파이썬-레벨2,프로그래밍 - 인공지능,[]
24,딥러닝을 위한 파이썬 레벨1,"₩35,100",Shin's Lab,https://edu.goorm.io/lecture/26037/딥러닝을-위한-파이썬-레벨1,프로그래밍 - 인공지능,[]
25,모의해킹 취업 준비하는데 알아두면 좋은 것,무료,보안프로젝트,https://edu.goorm.io/lecture/25879/모의해킹-취업-준비하는데-알아두면-좋은-것,프로그래밍 - 보안,[]
26,파이썬 개발자를 위한 go언어 기초,무료,행보칸코딩,https://edu.goorm.io/lecture/25552/파이썬-개발자를-위한-go언어-기초,프로그래밍 - 프로그래밍 기초,['go 언어는 처음 접해보는데 익숙한 파이썬과 비교해주시니 더욱 쉽게 이해할 수 있을 것 같아요!']
27,[하루 10분|Web Project] HTML/JS/CSS로 나만의 MBTI 사이트 만들기,무료,판다코딩,https://edu.goorm.io/lecture/25652/하루-10분-web-project-html-js-css로-나만의-mbti-사이트-만들기,웹 프로그래밍 - 프로그래밍,['굿']
28,React & TypeScript & GraphQL 로 버그없이 빠르게 개발하기!,"₩25,000",Alucard,https://edu.goorm.io/lecture/25571/react-typescript-graphql-로-버그없이-빠르게-개발하기,웹 프로그래밍 - 프로그래밍,[]
29,파이썬으로 구현하는 CF 알고리즘,"₩35,100",최욱진,https://edu.goorm.io/lecture/25544/파이썬으로-구현하는-cf-알고리즘,프로그래밍 - 인공지능,['수업 내용이 알차고 좋네요!!! 재밌게 잘 들었습니다~~ㅎㅎㅎ']
30,[하루 10분|C++] 누구나 쉽게 배우는 C++ 프로그래밍 입문,무료,판다코딩,https://edu.goorm.io/lecture/25274/하루-10분-c-누구나-쉽게-배우는-c-프로그래밍-입문,프로그래밍 - 프로그래밍 기초,"['c++ 전체적인 부분을 이해할 수 있게 된것같아요. 물론 자세히 파고들면 더 배울 부분이 많겠지만 미리 맛만 보기에는 좋네요!! 다만 7, 8강 넘어가면서부터는 난이도가 너무 올라가서 이해하기 살짝 힘들지만 많이 보다 보면 익숙해질거라고 생각하고 들었어요!']"
31,[2021 개정] IT 웹 개발자 취준 백서,"₩10,000",컴공돌이,https://edu.goorm.io/lecture/25207/2021-개정-it-웹-개발자-취준-백서,프로그래밍 - 프로그래밍 교양,['좋은 강의 감사합니다 윙']
32,"HAL, CubeMX, TrueSTUDIO를 이용한 STM32F4 따라하기 무료 강좌",무료,박원엽,https://edu.goorm.io/lecture/25454/hal-cubemx-truestudio를-이용한-stm32f4-따라하기-무료-강좌,프로그래밍 - IoT,[]
33,작정하고 django! 핀터레스트 만들기,"₩77,000",박형석,https://edu.goorm.io/lecture/25441/작정하고-django-핀터레스트-만들기,웹 프로그래밍 - 프로그래밍,['장고 강의 많이 없는데 간결하고 내용 너무 좋네요!']
34,CentOS 7 설치부터 웹서버 구축까지,무료,zzstudio-dev,https://edu.goorm.io/lecture/25119/centos-7-설치부터-웹서버-구축까지,웹 프로그래밍 - 프로그래밍,[' ㄴㅇㅇ']
35,문법책 졸업하자! 만들면서 복습하는 JavaScript,"₩49,000",강태공,https://edu.goorm.io/lecture/25046/문법책-졸업하자-만들면서-복습하는-javascript,웹 프로그래밍 - 프로그래밍,['너무 좋아요\n']
36,"파이썬 웹 스크래핑, 제가 가진 모든 비법을 알려드리겠습니다.",무료,나도코딩,https://edu.goorm.io/lecture/24961/파이썬-웹-스크래핑-제가-가진-모든-비법을-알려드리겠습니다,웹 프로그래밍 - 프로그래밍,['모든 강의가 흥미로웠고 파이썬에 대한 지식과 기술을 습득할 수 있었습니다.\n마지막 프로젝트 강의를 듣기 전에 혼자서 구현을 먼저 해보고\n강의를 들으며 제 코드와 비교를 해보았습니다.\n덕분에 파이썬 기술의 수준이 올라간 것 같습니다.\n정말 유익한 시간이었습니다.\n\n\n']
37,코딩 입문 - 하다 보니 알게 되는 자바스크립트,무료,월리,https://edu.goorm.io/lecture/24963/코딩-입문-하다-보니-알게-되는-자바스크립트,웹 프로그래밍 - 프로그래밍,['이해 잘됩니다']
38,2021 온라인 코딩 파티 시즌1 - 블록 코딩 용사가 되자!!!,무료,구름,https://edu.goorm.io/lecture/24788/2021-온라인-코딩-파티-시즌1-블록-코딩-용사가-되자,프로그래밍 - 블록 프로그래밍,['캐릭터가 없어지는 버그 때문에 못하겠어요']
39,2021 온라인 코딩 파티 시즌1 - 텍스트 코딩 용사가 되자!!!,무료,구름,https://edu.goorm.io/lecture/24789/2021-온라인-코딩-파티-시즌1-텍스트-코딩-용사가-되자,프로그래밍 - 프로그래밍 기초,['jhgvkhjb']
40,2021 온라인 코딩 파티 시즌1 - 파이썬 데이터 분석 및 시각화!!!,무료,구름,https://edu.goorm.io/lecture/24790/2021-온라인-코딩-파티-시즌1-파이썬-데이터-분석-및-시각화,프로그래밍 - 데이터 추출/분석,[':))))']
41,"2021 온라인 코딩 파티 시즌1 - 둘이서 코딩, 거북선과 척후선!!!",무료,구름,https://edu.goorm.io/lecture/24791/2021-온라인-코딩-파티-시즌1-둘이서-코딩-거북선과-척후선,프로그래밍 - 블록 프로그래밍,['와우 너무 재밌어요\n']
42,2021 온라인 코딩 파티 시즌1 - 코딩랜드를 구하라!!!,무료,구름,https://edu.goorm.io/lecture/24792/2021-온라인-코딩-파티-시즌1-코딩랜드를-구하라,프로그래밍 - 블록 프로그래밍,['똥싸세요']
43,2021 온라인 코딩 파티 시즌1 - 도전 틱택토!!!,무료,구름,https://edu.goorm.io/lecture/24793/2021-온라인-코딩-파티-시즌1-도전-틱택토,프로그래밍 - 프로그래밍 기초,['ㅋㅋ 심심풀이로 들어봤는데 재밌네요.']
44,[애플 공식 교재] 스위프트 퍼즐 2 - AD free,"₩11,000",코더스하이,https://edu.goorm.io/lecture/24597/애플-공식-교재-스위프트-퍼즐-2-ad-free,프로그래밍 - 프로그래밍 기초,[]
45,[애플 공식 교재] 스위프트 퍼즐 1 - AD free,"₩11,000",코더스하이,https://edu.goorm.io/lecture/24579/애플-공식-교재-스위프트-퍼즐-1-ad-free,프로그래밍 - 프로그래밍 기초,[]
46,스프링부트 개념정리,무료,데어 프로그래밍,https://edu.goorm.io/lecture/24604/스프링부트-개념정리,웹 프로그래밍 - 프로그래밍,['개념잡기에 너무 좋습니다']
47,스프링부트 나만의 블로그 만들기,무료,데어 프로그래밍,https://edu.goorm.io/lecture/24605/스프링부트-나만의-블로그-만들기,웹 프로그래밍 - 프로그래밍,['설명이 너무 잘되어있어요\n']
48,스프링부트 시큐리티 특강,무료,데어 프로그래밍,https://edu.goorm.io/lecture/24606/스프링부트-시큐리티-특강,웹 프로그래밍 - 프로그래밍,[]
49,[따라하며 배우는 리액트&파이어베이스] 채팅 애플리케이션 만들기,"₩31,900",John Ahn,https://edu.goorm.io/lecture/24672/따라하며-배우는-리액트-파이어베이스-채팅-애플리케이션-만들기,웹 프로그래밍 - 프로그래밍,"['중반정도 듣고 있는데 아무래도 채팅 기능 구현에 중점을 둔 내용이다 보니 사용하는 다른 라이브러리에 대해 자세한 설명이 곁들여지지 않아 아쉽습니다. 예를 들어, react-hook-form이 어떤 부분에서 성능이 좋은지... 해당 라이브러리를 사용하면 재렌더링 횟수가 많이 줄어드는 부분을 리액트의 제어 컴포넌트와 비제어 컴포넌트에 연관해서 추가 설명이 필요할 거 같은데, 이런 부분들이 빠른 진행을 위해 간단하게 설명하고(""성능이 좋다"",  ""이 라이브러리는 ref를 사용하는 방식이다"" 식으로) 넘어가는 거 같아 아쉽습니다. \n\n그림으로 컴포넌트 구조등을 설명해주신 자료가 굉장히 좋습니다. 한눈에 보기에 정말 편리합니다.\n\n완강 후에 수강평 다시 작성하겠습니다.']"
50,실전! 웹사이트 제작 Step by Step Basic Course - 한국소비자원,"₩11,000",J.young,https://edu.goorm.io/lecture/24580/실전-웹사이트-제작-step-by-step-basic-course-한국소비자원,웹 프로그래밍 - 프로그래밍,[]
51,실전! 웹사이트 제작 Step by Step Basic Course - '돕다' 웹사이트,"₩22,000",J.young,https://edu.goorm.io/lecture/24581/실전-웹사이트-제작-step-by-step-basic-course-돕다-웹사이트,웹 프로그래밍 - 프로그래밍,[]
52,생산성 UP! R과 파이썬으로 하는 문서 자동화,무료,Issac Lee,https://edu.goorm.io/lecture/24475/생산성-up-r과-파이썬으로-하는-문서-자동화,프로그래밍 - 기타,[]
53,가위바위보 게임을 만들며 맛보는 파이썬3,무료,구름,https://edu.goorm.io/lecture/24499/가위바위보-게임을-만들며-맛보는-파이썬3,프로그래밍 - 프로그래밍 기초,['very good']
54,실전 유형 코딩 테스트 모의고사 3000 Part2,"₩50,000",구름,https://edu.goorm.io/lecture/24058/실전-유형-코딩-테스트-모의고사-3000-part2,프로그래밍 - 알고리즘,[]
55,SQL과 구글시트로 시작하는 데이터분석,"₩19,800",박범진,https://edu.goorm.io/lecture/24342/sql과-구글시트로-시작하는-데이터분석,프로그래밍 - 데이터 추출/분석,[]
56,실전 유형 코딩 테스트 모의고사 3000 Part1,"₩50,000",구름,https://edu.goorm.io/lecture/24057/실전-유형-코딩-테스트-모의고사-3000-part1,프로그래밍 - 알고리즘,[]
57,신입 개발자로 살아남기 Lv1. 나만의 기술 블로그로 관리하는 개발자 커리어,"₩39,000",원혜린,https://edu.goorm.io/lecture/23072/신입-개발자로-살아남기-lv1-나만의-기술-블로그로-관리하는-개발자-커리어,웹 프로그래밍 - 프로그래밍,['go']
58,리눅스 쉘 스크립트 마스터,"₩99,000",홍영기,https://edu.goorm.io/lecture/24102/리눅스-쉘-스크립트-마스터,프로그래밍 - 데브옵스,[]
59,[애플 공식 교재] iOS 앱 만들기 Part1,"₩38,500",코더스하이,https://edu.goorm.io/lecture/24101/애플-공식-교재-ios-앱-만들기-part1,프로그래밍 - 모바일 프로그래밍,['유익해요']
60,[애플 공식 교재] iOS 앱 만들기 입문,"₩38,500",코더스하이,https://edu.goorm.io/lecture/23901/애플-공식-교재-ios-앱-만들기-입문,프로그래밍 - 모바일 프로그래밍,['재밌고 알아듣기 쉽게 설명해주셔서 너무 좋습니다 !']
61,파이썬으로 하는 데이터 분석 - Pandas 제대로 배우기,"₩36,000",아이티고,https://edu.goorm.io/lecture/23732/파이썬으로-하는-데이터-분석-pandas-제대로-배우기,프로그래밍 - 데이터 추출/분석,[]
62,[2020 NEW] 코틀린 기반 안드로이드 앱 개발 Part3 - 데이터 관리와 네트워크,"₩66,000",소프트캠퍼스,https://edu.goorm.io/lecture/23730/2020-new-코틀린-기반-안드로이드-앱-개발-part3-데이터-관리와-네트워크,프로그래밍 - 모바일 프로그래밍,[]
63,[2020 NEW] 코틀린 기반 안드로이드 앱 개발 Part2 - 메뉴와 4대 구성요소,"₩66,000",소프트캠퍼스,https://edu.goorm.io/lecture/23729/2020-new-코틀린-기반-안드로이드-앱-개발-part2-메뉴와-4대-구성요소,프로그래밍 - 모바일 프로그래밍,[]
64,파이썬 기반 판다스(Pandas)를 활용한 데이터 분석,"₩66,000",소프트캠퍼스,https://edu.goorm.io/lecture/23731/파이썬-기반-판다스-pandas-를-활용한-데이터-분석,프로그래밍 - 데이터 추출/분석,[]
65,한 눈에 끝내는 CSS/JS 애니메이션,"₩59,000",구름,https://edu.goorm.io/lecture/17509/한-눈에-끝내는-css-js-애니메이션,웹 프로그래밍 - 프로그래밍,[]
66,현직 개발자가 알려주는 안드로이드 코틀린 앱 제작,무료,홍드로이드,https://edu.goorm.io/lecture/23399/현직-개발자가-알려주는-안드로이드-코틀린-앱-제작,프로그래밍 - 모바일 프로그래밍,['간단하고 쉬워서 좋아요!']
67,현직 개발자가 알려주는 자바 기초 문법,무료,홍드로이드,https://edu.goorm.io/lecture/23398/현직-개발자가-알려주는-자바-기초-문법,프로그래밍 - 프로그래밍 기초,['good!']
68,실전 유형 코딩 테스트 모의고사 3000,"₩100,000",구름,https://edu.goorm.io/lecture/23503/실전-유형-코딩-테스트-모의고사-3000,프로그래밍 - 알고리즘,[]
69,파이썬으로 하는 데이터 분석 - 시각화 제대로 배우기,"₩40,000",아이티고,https://edu.goorm.io/lecture/23405/파이썬으로-하는-데이터-분석-시각화-제대로-배우기,프로그래밍 - 데이터 추출/분석,[]
70,[온라인 SW 아카데미] 너도 할 수 있어! AI 만들기,무료,세명컴퓨터고등학교장,https://edu.goorm.io/lecture/22325/온라인-sw-아카데미-너도-할-수-있어-ai-만들기,프로그래밍 - 인공지능,['감사합니다.']
71,[온라인 SW 아카데미] 컴린이도 화이트해커가 될 수 있다?!,무료,세명컴퓨터고등학교장,https://edu.goorm.io/lecture/22341/온라인-sw-아카데미-컴린이도-화이트해커가-될-수-있다,프로그래밍 - 보안,['꼭 입학 할겁니다']
72,[온라인 SW 아카데미] 유니티로 배우는 게임 프로그래밍 기초,무료,세명컴퓨터고등학교장,https://edu.goorm.io/lecture/22342/온라인-sw-아카데미-유니티로-배우는-게임-프로그래밍-기초,프로그래밍 - 게임 개발,['이해가 잘되는 강의입니다.']
73,[온라인 SW 아카데미] 스마트폰 센서 제어를 위한 앱(app) 개발,무료,세명컴퓨터고등학교장,https://edu.goorm.io/lecture/22344/온라인-sw-아카데미-스마트폰-센서-제어를-위한-앱-app-개발,프로그래밍 - 기타,['좋아요']
74,파이썬으로 배우는 알고리즘 기초,무료,주니온,https://edu.goorm.io/lecture/22654/파이썬으로-배우는-알고리즘-기초,프로그래밍 - 알고리즘,[' ']
75,"그림으로 배우는 HTML-CSS, 입문!","₩19,800",홍팍,https://edu.goorm.io/lecture/22109/그림으로-배우는-html-css-입문,웹 프로그래밍 - 프로그래밍,['좋아요']
76,비타알고와 정보올림피아드 준비하기 with 모의고사,"₩80,000",구름,https://edu.goorm.io/lecture/22442/비타알고와-정보올림피아드-준비하기-with-모의고사,프로그래밍 - 알고리즘,[]
77,따라하며 배우는 도커와 CI환경,"₩24,200",John Ahn,https://edu.goorm.io/lecture/22383/따라하며-배우는-도커와-ci환경,프로그래밍 - 데브옵스,['단순 사용법 뿐만아닌 원리까지 설명해주시려는 모습이 넘 좋습니다!!']
78,"그림으로 배우는 자바, 객체지향!","₩19,800",홍팍,https://edu.goorm.io/lecture/22108/그림으로-배우는-자바-객체지향,프로그래밍 - 프로그래밍 기초,['작년 무료강의듣고 너무 좋아서 다시 찾아왔습니다!!\n무료가 너무 잘되있어서 유료로 듣기를 고민 했는데 그외 구체적인 예시들이 나오면서 진작 유료도 들을껄이란 생각이 듭니다!! 제발...다른 언어도 내주세요 선생님....ㅠㅠ']
79,"그림으로 배우는 자바, 입문!","₩19,800",홍팍,https://edu.goorm.io/lecture/22087/그림으로-배우는-자바-입문,프로그래밍 - 프로그래밍 기초,['챕터별로 짧고 굵게 잘 설명해주셔서 너무 좋아요']
80,한 눈에 보는 타입스크립트,무료,영웅박,https://edu.goorm.io/lecture/22106/한-눈에-보는-타입스크립트,웹 프로그래밍 - 프로그래밍,['이해하기 쉽게 설명이 잘되어 있습니다.']
81,[애플 공식 교재] 스위프트 퍼즐 2,무료,코더스하이,https://edu.goorm.io/lecture/22013/애플-공식-교재-스위프트-퍼즐-2,프로그래밍 - 프로그래밍 기초,[]
82,[애플 공식 교재] 스위프트 퍼즐 1,무료,코더스하이,https://edu.goorm.io/lecture/21987/애플-공식-교재-스위프트-퍼즐-1,프로그래밍 - 프로그래밍 기초,[]
83,"코린아, 코딩하자! with 파이썬",무료,주니온,https://edu.goorm.io/lecture/21975/코린아-코딩하자-with-파이썬,프로그래밍 - 프로그래밍 기초,"['선생님 인상도 너무 좋으시고, 파이썬 완전 처음인데 이해도 잘되네요~ 감사합니다. 아직 갈 길이 멀지만 열심히 해보겠습니다!']"
84,무료 파이썬 활용편2 - GUI 프로그래밍,무료,나도코딩,https://edu.goorm.io/lecture/21780/무료-파이썬-활용편2-gui-프로그래밍,프로그래밍 - 프로그래밍 기초,['자세한 설명과 풍부한 예제. 좋습니다.']
85,아두이노 시뮬레이터  - 팅커캐드 서킷,무료,메이커멘토,https://edu.goorm.io/lecture/21770/아두이노-시뮬레이터-팅커캐드-서킷,프로그래밍 - IoT,['너무 쉽게 이해하기 쉬웠어요~!! ']
86,안드로이드 앱 개발로 배우는 자바 코딩 기초,"₩19,000",Denis Jung,https://edu.goorm.io/lecture/21383/안드로이드-앱-개발로-배우는-자바-코딩-기초,프로그래밍 - 모바일 프로그래밍,[]
87,한 눈에 읽는 루비 온 레일즈,무료,구름,https://edu.goorm.io/lecture/16335/한-눈에-읽는-루비-온-레일즈,웹 프로그래밍 - 프로그래밍,['굳']
88,코돈의 7주 완성 기초 프로그래밍,"₩20,000",codon knumed,https://edu.goorm.io/lecture/16902/코돈의-7주-완성-기초-프로그래밍,프로그래밍 - 프로그래밍 기초,['완벽한 강의입니다. 제작하느라 고생 많으셨습니다. ']
89,동시에 배우는 C와 C++,무료,두들낙서,https://edu.goorm.io/lecture/21611/동시에-배우는-c와-c,프로그래밍 - 프로그래밍 기초,['차근차근 잘 설명해주셔서 좋습니다 :D']
90,이부일의 R릴레오 기초편,무료,이 부일,https://edu.goorm.io/lecture/21022/이부일의-r릴레오-기초편,프로그래밍 - 데이터 추출/분석,[]
91,[R] 머신러닝을 위한 통계학 기초,"₩44,550",코코,https://edu.goorm.io/lecture/21244/r-머신러닝을-위한-통계학-기초,프로그래밍 - 수학,[]
92,한큐에 끝내는 해커톤 입문_아두이노와 웹,"₩3,300",밍밍이와 맹맹이,https://edu.goorm.io/lecture/21118/한큐에-끝내는-해커톤-입문_아두이노와-웹,프로그래밍 - IoT,[]
93,코딩셰프의 Flutter 순한맛,무료,코딩셰프,https://edu.goorm.io/lecture/21167/코딩셰프의-flutter-순한맛,프로그래밍 - 모바일 프로그래밍,['GOOD~\n']
94,안드로이드를 위한 자바 프로그래밍,"₩10,000",소프트캠퍼스,https://edu.goorm.io/lecture/21052/안드로이드를-위한-자바-프로그래밍,프로그래밍 - 모바일 프로그래밍,[]
95,컴퓨터 일반론,무료,MN만능아카데미,https://edu.goorm.io/lecture/13426/컴퓨터-일반론,프로그래밍 - 기타,[]
96,[저자 직강] Do it! 딥러닝 입문,무료,이지스퍼블리싱,https://edu.goorm.io/lecture/21177/저자-직강-do-it-딥러닝-입문,프로그래밍 - 인공지능,['이해하기 쉽게 잘 설명주고 있습니다.']
97,무료 파이썬 활용편1 - 추억의 오락실 게임 만들기,무료,나도코딩,https://edu.goorm.io/lecture/21001/무료-파이썬-활용편1-추억의-오락실-게임-만들기,프로그래밍 - 게임 개발,['따라하기 쉽네요']
98,디스코드 자바스크립트 튜토리얼 - 이전버전,무료,제스퍼,https://edu.goorm.io/lecture/20853/디스코드-자바스크립트-튜토리얼-이전버전,웹 프로그래밍 - 프로그래밍,['디스코드봇을 구동시키는방법도 리눅스와 윈도우용으로 각각있었으면 좋겠어요!\n']
99,[2020 NEW] 코틀린 기반 안드로이드 앱 개발 Part1 - Kotlin UI Programming,"₩66,000",소프트캠퍼스,https://edu.goorm.io/lecture/20669/2020-new-코틀린-기반-안드로이드-앱-개발-part1-kotlin-ui-programming,프로그래밍 - 모바일 프로그래밍,[]
100,모두를 위한 클라우드 컴퓨팅 입문,"₩28,000",김유경,https://edu.goorm.io/lecture/18575/모두를-위한-클라우드-컴퓨팅-입문,프로그래밍 - 데브옵스,['기초개념이 잘이해되었습니다.']
101,Google 공식 언어 Kotlin 프로그래밍 시작하기,"₩44,000",소프트캠퍼스,https://edu.goorm.io/lecture/20670/google-공식-언어-kotlin-프로그래밍-시작하기,프로그래밍 - 프로그래밍 기초,[]
102,김버그의 HTML&CSS는 재밌다,"₩90,000",김버그,https://edu.goorm.io/lecture/20583/김버그의-html-css는-재밌다,웹 프로그래밍 - 프로그래밍,['재미있어요\n']
103,따라하며 배우는 데노(DENO),무료,John Ahn,https://edu.goorm.io/lecture/20663/따라하며-배우는-데노-deno,웹 프로그래밍 - 프로그래밍,['blind expert spot 이  전혀 보이지 않는 강의 !']
104,텐서플로2로 배우는 딥러닝,무료,Minsuk Heo,https://edu.goorm.io/lecture/20687/텐서플로2로-배우는-딥러닝,프로그래밍 - 인공지능,['너무 좋습니다']
105,딥러닝 이론 및 파이썬 실습,무료,Minsuk Heo,https://edu.goorm.io/lecture/20671/딥러닝-이론-및-파이썬-실습,프로그래밍 - 인공지능,['쉽고 재밌네요~\n']
106,일본어로 배우는 Java 입문,"₩30,000",崔智恵,https://edu.goorm.io/lecture/20397/일본어로-배우는-java-입문,프로그래밍 - 프로그래밍 기초,[]
107,[번역판] CLEAN CODE JAVASCRIPT,무료,박명호,https://edu.goorm.io/lecture/20119/번역판-clean-code-javascript,웹 프로그래밍 - 프로그래밍,['감사합니다']
108,한 눈에 끝내는 SQL,"₩99,000",구름,https://edu.goorm.io/lecture/15413/한-눈에-끝내는-sql,프로그래밍 - 데이터베이스,['좋아요']
109,[30분 요약 시리즈 시즌2] Python 활용편,무료,제주코딩베이스캠프,https://edu.goorm.io/lecture/20254/30분-요약-시리즈-시즌2-python-활용편,프로그래밍 - 데이터 추출/분석,['좋아요.']
110,COS PRO 1급 기출문제 - Python,무료,두잉창의코딩,https://edu.goorm.io/lecture/17299/cos-pro-1급-기출문제-python,프로그래밍 - 프로그래밍 기초,['yeeeeeeeeeeeeeeeeeeeeeeeeeeeeeeeeeeeeeeeeeeeeeeeeeeeeeeeeeeeeeeeeeeeeeeeeeeeeeeeeeeeeeee']
111,COS PRO 1급 기출문제 - C++,무료,두잉창의코딩,https://edu.goorm.io/lecture/17300/cos-pro-1급-기출문제-c,프로그래밍 - 프로그래밍 기초,['오호홍 좋아요!']
112,COS PRO 1급 기출문제 - Java,무료,두잉창의코딩,https://edu.goorm.io/lecture/17301/cos-pro-1급-기출문제-java,프로그래밍 - 프로그래밍 기초,['시험보는 방식으로 공부할 수 있어 좋습니다']
113,COS PRO 1급 기출문제 - C언어,무료,두잉창의코딩,https://edu.goorm.io/lecture/17298/cos-pro-1급-기출문제-c언어,프로그래밍 - 프로그래밍 기초,['참 재미있었다']
114,프레임워크를 위한 JavaScript ES6,"₩49,000",강태공,https://edu.goorm.io/lecture/19879/프레임워크를-위한-javascript-es6,웹 프로그래밍 - 프로그래밍,['종강하고 방학때 자바 스크립트 강좌를 듣는데 초보자의 관점에 맞춰서 재밌고 쉽게 설명해주셔서 재밌네요']
115,5일 만에 200만원 버는 웹과 앱 만들기,무료,조코딩,https://edu.goorm.io/lecture/20213/5일-만에-200만원-버는-웹과-앱-만들기,프로그래밍 - 모바일 프로그래밍,['좋은 강의를 들어서 감사했습니다.']
116,[따라하며 배우는 노드&리액트] 챗봇 사이트 만들기,무료,John Ahn,https://edu.goorm.io/lecture/20020/따라하며-배우는-노드-리액트-챗봇-사이트-만들기,웹 프로그래밍 - 프로그래밍,[]
117,친절한 통계학 feat. R,무료,Issac Lee,https://edu.goorm.io/lecture/20108/친절한-통계학-feat-r,프로그래밍 - 수학,['통계 완벽 그 자체']
118,[따라하며 배우는 노드&리액트] 영화 사이트 만들기,무료,John Ahn,https://edu.goorm.io/lecture/20019/따라하며-배우는-노드-리액트-영화-사이트-만들기,웹 프로그래밍 - 프로그래밍,['이해하기 쉽게 설명해주고 있습니다. ']
119,파닥파닥 Flutter (빠르고 가볍게 Flutter 흔들기),무료,padak padak,https://edu.goorm.io/lecture/17450/파닥파닥-flutter-빠르고-가볍게-flutter-흔들기,프로그래밍 - 프로그래밍 기초,['좋은 무료강의 감사합니다.']
120,무료 파이썬 기본편 - 6시간 뒤면 나도 개발자,무료,나도코딩,https://edu.goorm.io/lecture/19917/무료-파이썬-기본편-6시간-뒤면-나도-개발자,프로그래밍 - 프로그래밍 기초,['이해하기 쉽게 설명해주셔서 귀에 쏙쏙들어와요\n']
121,[무작정 풀스택] 플러터와 장고로 1시간 만에 퀴즈앱/서버 만들기,무료,권태형,https://edu.goorm.io/lecture/20021/무작정-풀스택-플러터와-장고로-1시간-만에-퀴즈앱-서버-만들기,프로그래밍 - 모바일 프로그래밍,['소스는 깃허브에 있는데... \n받아서 봐가면서... 설명에 집중하시면 됩니다.\n설명이 좀 빠르긴 하지만... 찬찬히 되돌려 보면서...\n개발 흐름을 이해 하는게 중요할것 같네요...\n자세한 공부는 관련 되는 내용들을 찾아가면서 \n직접 하나씩 해나가야 합니다...']
122,쉽게 만드는 라라벨 뷰 채팅,무료,코지 코더,https://edu.goorm.io/lecture/18959/쉽게-만드는-라라벨-뷰-채팅,웹 프로그래밍 - 프로그래밍,[]
123,Azure 가상 컴퓨터 - 초급,"₩10,000",클라우드메이트,https://edu.goorm.io/lecture/19762/azure-가상-컴퓨터-초급,프로그래밍 - 데브옵스,[]
124,한 눈에 읽는 자바 기초,무료,구름,https://edu.goorm.io/lecture/19448/한-눈에-읽는-자바-기초,프로그래밍 - 프로그래밍 기초,['C보다는 조금 어렵게 설명이 돼 있는데 초보자 분들도 천천히 읽어보시면 이해하실 수 있지 싶어요!']
125,[Pytorch] 쉽고 빠르게 배우는 NLP,"₩55,000",코코,https://edu.goorm.io/lecture/19637/pytorch-쉽고-빠르게-배우는-nlp,프로그래밍 - 인공지능,[]
126,"딥러닝 강좌할껀데, 실습만 합니다",무료,Yoseob Han,https://edu.goorm.io/lecture/19373/딥러닝-강좌할껀데-실습만-합니다,프로그래밍 - 인공지능,[]
127,[무작정 플러터] Flutter + Firebase 넷플릭스UI 클론 코딩,무료,권태형,https://edu.goorm.io/lecture/19172/무작정-플러터-flutter-firebase-넷플릭스ui-클론-코딩,프로그래밍 - 모바일 프로그래밍,['강좌 내용이 좋습니다.\n\n다만 말은 좀 느린 편이신데\n타이핑은 엄청 빠르게 하셔서.\n영상배속을 0.75x 해서 보는 중입니다.']
128,[스프링 시리즈2] 만들면서 배우는 Spring MVC 5,"₩88,000",소프트캠퍼스,https://edu.goorm.io/lecture/19341/스프링-시리즈2-만들면서-배우는-spring-mvc-5,웹 프로그래밍 - 프로그래밍,[]
129,쉽게 배우는 Vue.js 2 기초,무료,코지 코더,https://edu.goorm.io/lecture/18958/쉽게-배우는-vue-js-2-기초,웹 프로그래밍 - 프로그래밍,['Vue 프로젝트를 처음 설치하고 \nindex.html 이 어떻게 화면에표시되는가\n그 구조가 너무 알고싶었는데 아무리 찾아도 보이지않았습니다. 이강좌를 듣고 너무 도움이되었습니다.감사합니다']
130,홍드로이드의 수익창출 앱 개발,"₩55,000",홍드로이드,https://edu.goorm.io/lecture/18156/홍드로이드의-수익창출-앱-개발,프로그래밍 - 모바일 프로그래밍,['강의는 강사에게 ^^']
131,따라하면서 배우는 리눅스 고급,무료,_따라學IT따라하면서 배우는 IT,https://edu.goorm.io/lecture/18950/따라하면서-배우는-리눅스-고급,프로그래밍 - 데브옵스,['쉽게 잘설명하십니다!\n']
132,따라하면서 배우는 리눅스 기초,무료,_따라學IT따라하면서 배우는 IT,https://edu.goorm.io/lecture/18808/따라하면서-배우는-리눅스-기초,프로그래밍 - 데브옵스,['굳!\n']
133,[R] KOSPI/KOSDAQ 전 종목 데이터 수집 및 관리,"₩55,000",코코,https://edu.goorm.io/lecture/19043/r-kospi-kosdaq-전-종목-데이터-수집-및-관리,프로그래밍 - 데이터 추출/분석,[]
134,MATLAB처럼 쓰는 PYTHON,무료,박범진,https://edu.goorm.io/lecture/19064/matlab처럼-쓰는-python,프로그래밍 - 프로그래밍 기초,[]
135,쉽게 배우는 라라벨 기초,무료,코지 코더,https://edu.goorm.io/lecture/18957/쉽게-배우는-라라벨-기초,웹 프로그래밍 - 프로그래밍,['들을만 해요.']
136,[Pytorch] 쉽고 빠르게 배우는 GAN,"₩49,500",코코,https://edu.goorm.io/lecture/19030/pytorch-쉽고-빠르게-배우는-gan,프로그래밍 - 인공지능,[]
137,SELECT ALL FROM SQL,무료,박범진,https://edu.goorm.io/lecture/18815/select-all-from-sql,프로그래밍 - 데이터 추출/분석,['sql의 기본을 익히기에 너무나 만족스러웠습니다. 좋은 강의 무료로 해주셔서 감사합니다.']
138,시선을 사로잡는 웹 - 초급,"₩69,300",DevelUP,https://edu.goorm.io/lecture/18923/시선을-사로잡는-웹-초급,웹 프로그래밍 - 프로그래밍,[]
139,시선을 사로잡는 웹 - 중급,"₩69,300",DevelUP,https://edu.goorm.io/lecture/17901/시선을-사로잡는-웹-중급,웹 프로그래밍 - 프로그래밍,[]
140,[AZ-900 Certificate] Azure Basic,"₩30,000",클라우드메이트,https://edu.goorm.io/lecture/18531/az-900-certificate-azure-basic,프로그래밍 - 데브옵스,['good']
141,DataScience와 AI의 개념,"₩29,700",코코,https://edu.goorm.io/lecture/18477/datascience와-ai의-개념,프로그래밍 - 인공지능,['good']
142,위클리 비타알고 시즌3 코딩테스트 체력 키우기,"₩200,000",안홍자,https://edu.goorm.io/lecture/18444/위클리-비타알고-시즌3-코딩테스트-체력-키우기,프로그래밍 - 알고리즘,['정말 유익한 강좌입니다.']
143,한 눈에 읽는 파이썬3 기초,무료,구름,https://edu.goorm.io/lecture/17902/한-눈에-읽는-파이썬3-기초,프로그래밍 - 프로그래밍 기초,['너무너무 좋습니당']
144,김버그의 CSS는 재밌다 - 기초부터 실무 레벨까지,"₩50,000",김버그,https://edu.goorm.io/lecture/17829/김버그의-css는-재밌다-기초부터-실무-레벨까지,웹 프로그래밍 - 프로그래밍,[' ']
145,[따라하며 배우는 노드&리액트] 유튜브 사이트 만들기,무료,John Ahn,https://edu.goorm.io/lecture/17853/따라하며-배우는-노드-리액트-유튜브-사이트-만들기,웹 프로그래밍 - 프로그래밍,['좋습니다']
146,[Pytorch] 쉽고 빠르게 배우는 딥러닝,"₩82,500",코코,https://edu.goorm.io/lecture/17903/pytorch-쉽고-빠르게-배우는-딥러닝,프로그래밍 - 인공지능,[]
147,[백문이불여일타] 데이터 분석을 위한 중급 SQL,"₩44,000",YE H,https://edu.goorm.io/lecture/17832/백문이불여일타-데이터-분석을-위한-중급-sql,프로그래밍 - 데이터 추출/분석,[]
148,[따라하며 배우는 노드&리액트] Boiler-Plate 만들기,무료,John Ahn,https://edu.goorm.io/lecture/17855/따라하며-배우는-노드-리액트-boiler-plate-만들기,웹 프로그래밍 - 프로그래밍,['이해하기 쉽게 설명해주십니다.']
149,[백문이불여일타] 데이터 분석을 위한 기초 SQL,"₩22,000",leebomin,https://edu.goorm.io/lecture/17831/백문이불여일타-데이터-분석을-위한-기초-sql,프로그래밍 - 데이터 추출/분석,[]
150,R프로그래밍 기초 다지기,무료,코코,https://edu.goorm.io/lecture/17848/r프로그래밍-기초-다지기,프로그래밍 - 데이터 추출/분석,"['선생님~! R 처음 접하는데 기초를 다질 수 있는 좋은 시간이었습니다. 감사합니다! 다만, 강의 진행하는데 있어 대명사를 종종 사용하시거나 말씀이 생략되는 경우가 있는 부분만 조금 더 수강생 입장에서 강의해주시면 더 감사할 것 같습니다 ㅎㅎ 좋은 강의 감사합니다! 복받으세요!']"
151,나도 AWS에 서버 구축해보자🐶,무료,월리,https://edu.goorm.io/lecture/17834/나도-aws에-서버-구축해보자,프로그래밍 - 데브옵스,['이해가 잘됩니다!!']
152,COS PRO 2급 기출문제 - Python,무료,두잉창의코딩,https://edu.goorm.io/lecture/17033/cos-pro-2급-기출문제-python,프로그래밍 - 프로그래밍 기초,['수업시간에 이걸로 공부하고 있는데 너무 좋습니다~!']
153,COS PRO 2급 기출문제 - Java,무료,두잉창의코딩,https://edu.goorm.io/lecture/17167/cos-pro-2급-기출문제-java,프로그래밍 - 프로그래밍 기초,['답을 맞게 작성해도 제출하면 오답이라고 나오네요...']
154,COS PRO 2급 기출문제 - C++,무료,두잉창의코딩,https://edu.goorm.io/lecture/17165/cos-pro-2급-기출문제-c,프로그래밍 - 프로그래밍 기초,['문제들이 간간히 정답을 제출해도 Fail이 뜬다.\n문제에 대한 재검토가 필요한듯 제공된 시스템에 대한 의구심이 든다.']
155,COS PRO 2급 기출문제 - C언어,무료,두잉창의코딩,https://edu.goorm.io/lecture/16921/cos-pro-2급-기출문제-c언어,프로그래밍 - 프로그래밍 기초,['훌륭하고 배울점이 많은 강좌였다']
156,[바로실습] 생활코딩 - JAVA 객체 지향 프로그래밍,무료,생활코딩,https://edu.goorm.io/lecture/16910/바로실습-생활코딩-java-객체-지향-프로그래밍,프로그래밍 - 프로그래밍 기초,['good']
157,"가장 핫한 FE 라이브러리🔥, React 가지고 놀아보기",무료,주현도,https://edu.goorm.io/lecture/16422/가장-핫한-fe-라이브러리-react-가지고-놀아보기,웹 프로그래밍 - 프로그래밍,['쉽게 따라할수 있어서 재밌어용~~\n']
158,영화 예매 사이트 만들기: 코딩편,무료,webstoryboy,https://edu.goorm.io/lecture/16943/영화-예매-사이트-만들기-코딩편,웹 프로그래밍 - 프로그래밍,['이번에도 유용한 강의였습니다!!']
159,영화 예매 사이트 만들기: 디자인편,무료,webstoryboy,https://edu.goorm.io/lecture/16948/영화-예매-사이트-만들기-디자인편,웹 프로그래밍 - 프로그래밍,['잘듣고 있습니다 꾸준히 해서 포트폴리오까지 완성하고싶어요 ㅎㅎ']
160,빅데이터 제대로 배우기 - R 기초 문법과 데이터 전처리,"₩50,000",아이티고,https://edu.goorm.io/lecture/17133/빅데이터-제대로-배우기-r-기초-문법과-데이터-전처리,프로그래밍 - 데이터 추출/분석,[]
161,센치한 개발자의 swift: ios app 만들기,무료,센치한개발자,https://edu.goorm.io/lecture/15173/센치한-개발자의-swift-ios-app-만들기,프로그래밍 - 모바일 프로그래밍,"['처음 스위프트 진행 중인데, 다른 강의들은 그냥 넘어가는 부분을 전부 짚고 넘어가서 편하게 듣고 있습니다.']"
162,[바로실습] 생활코딩 - JAVA method,무료,생활코딩,https://edu.goorm.io/lecture/16909/바로실습-생활코딩-java-method,프로그래밍 - 프로그래밍 기초,['좋아요!']
163,[바로실습] 생활코딩 - JAVA 제어문,무료,생활코딩,https://edu.goorm.io/lecture/16908/바로실습-생활코딩-java-제어문,프로그래밍 - 프로그래밍 기초,['쉬운설명과 간단한 예제로 인해서 이해가 더 빨리되요!\n감사합니다!']
164,[웹퍼블리싱 실습] 반응형 사이트 만들기,무료,webstoryboy,https://edu.goorm.io/lecture/16942/웹퍼블리싱-실습-반응형-사이트-만들기,웹 프로그래밍 - 프로그래밍,['항상 잘 배우고 있습니다 ']
165,[웹퍼블리싱 실습] 웹 표준 사이트 만들기,무료,webstoryboy,https://edu.goorm.io/lecture/16941/웹퍼블리싱-실습-웹-표준-사이트-만들기,웹 프로그래밍 - 프로그래밍,['짱입니다!^^\n']
166,김버그의 HTML은 재밌다 - 기초부터 실무 레벨까지,"₩50,000",김버그,https://edu.goorm.io/lecture/16396/김버그의-html은-재밌다-기초부터-실무-레벨까지,웹 프로그래밍 - 프로그래밍,['d']
167,시선을 사로잡는 웹 - 초급 + 중급,"₩158,000",DevelUP,https://edu.goorm.io/lecture/16783/시선을-사로잡는-웹-초급-중급,웹 프로그래밍 - 프로그래밍,['너무 유익한 강의인 것 같습니다.']
168,한 눈에 끝내는 HTML5/CSS3,"₩99,000",구름,https://edu.goorm.io/lecture/16322/한-눈에-끝내는-html5-css3,웹 프로그래밍 - 프로그래밍,['너무 친절하고 자세히 강의내용이 있으니까 이해하기도 쉽고 너무 좋습니다']
169,초보자를 위한 장고 Django 뿌시기🔥,"₩49,000",장 성원,https://edu.goorm.io/lecture/16377/초보자를-위한-장고-django-뿌시기,웹 프로그래밍 - 프로그래밍,['강의내용 좋고 설명도 쉽게 잘 풀어주시는데\n가격에 비해선 좀 부실한것 같습니다.\n']
170,Bootstrap을 활용한 반응형 웹페이지 만들기,"₩46,000",아이티고,https://edu.goorm.io/lecture/16303/bootstrap을-활용한-반응형-웹페이지-만들기,웹 프로그래밍 - 프로그래밍,[]
171,[바로실습] 생활코딩 - JAVA1,무료,생활코딩,https://edu.goorm.io/lecture/16448/바로실습-생활코딩-java1,프로그래밍 - 프로그래밍 기초,['개발자의 첫걸음은 이 강좌로 하는 게 제일 좋은 것 같아요.\n이클립스 꼬이고 path 지정 잘못하고 하는 걱정 없이\n온라인으로 바로 코드를 테스트 해 볼 수도 있어서 편해요.']
172,[스프링 시리즈1] Spring Framework5 입문자를 위한 실습 지침서,"₩22,000",소프트캠퍼스,https://edu.goorm.io/lecture/16406/스프링-시리즈1-spring-framework5-입문자를-위한-실습-지침서,웹 프로그래밍 - 프로그래밍,['죄송합니다. 개념에 대한 이해가 거의 가질 않습니다.\n혼자서 실습하시는듯 합니다 ㅠㅠ']
173,"2022 30분 요약 강좌 시즌 1 HTML, CSS, JS, Python, Bootstrap, Linux",무료,제주코딩베이스캠프,https://edu.goorm.io/lecture/16385/2022-30분-요약-강좌-시즌-1-html-css-js-python-bootstrap-linux,프로그래밍 - 프로그래밍 기초,['숨가뿌게 들으며 달려왔습니다~~\n좋은 강의 감사드려요~']
174,"React로 가기 위한 첫 걸음, Vanilla JS 기초","₩36,000",아이티고,https://edu.goorm.io/lecture/16304/react로-가기-위한-첫-걸음-vanilla-js-기초,웹 프로그래밍 - 프로그래밍,[]
175,하울의 안드로이드 인스타그램 앱 만들기,무료,하울의 코딩 채널,https://edu.goorm.io/lecture/16116/하울의-안드로이드-인스타그램-앱-만들기,프로그래밍 - 모바일 프로그래밍,['제가 인스타그램을 만들 수 있게 도와주었습니다. 다만 버전이 옛날버전인 그대로라 몇몇부분에서 혼자 해결해야만 했지만 이 부분은 제가 혼자 공부하게 도와줄 수 있게 만들어 더욱 실력을 성장할 수 있게 하였습니다. 즉각적인 피드백은 받을 수 없었지만 감사합니다.']
176,에센스만 담은 하울의 코틀린 안드로이드,"₩27,500",하울의 코딩 채널,https://edu.goorm.io/lecture/15335/에센스만-담은-하울의-코틀린-안드로이드,프로그래밍 - 모바일 프로그래밍,[]
177,코틀린으로 만드는 스프링부트,무료,최광성,https://edu.goorm.io/lecture/15881/코틀린으로-만드는-스프링부트,웹 프로그래밍 - 프로그래밍,['spring boot에 관심이 있었는데 멋있는 언어인 Kotlin으로 개발을 할 수 있게 되어서 너무 좋아여!']
178,현직개발자가 알려주는 안드로이드 앱 개발,무료,홍드로이드,https://edu.goorm.io/lecture/15564/현직개발자가-알려주는-안드로이드-앱-개발,프로그래밍 - 모바일 프로그래밍,['너무 좋다']
179,위클리 비타알고 시즌2 처음 시작하는 코딩테스트,"₩200,000",안홍자,https://edu.goorm.io/lecture/15551/위클리-비타알고-시즌2-처음-시작하는-코딩테스트,프로그래밍 - 알고리즘,['최적화된 코드들을 보고 배울 수 있어서 좋았습니다.']
180,웹 서비스 해킹을 위한 버프스위트 완벽 활용 가이드,무료,보안프로젝트,https://edu.goorm.io/lecture/15535/웹-서비스-해킹을-위한-버프스위트-완벽-활용-가이드,프로그래밍 - 보안,[]
181,Shiny 그리고 시각화 R Go! 하자!,무료,이수화,https://edu.goorm.io/lecture/15875/shiny-그리고-시각화-r-go-하자,프로그래밍 - 인공지능,['유익한 정보가 많아서 좋았습니다.']
182,파이썬을 이용한 데이터분석과 IT보안,"₩132,000",보안프로젝트,https://edu.goorm.io/lecture/15574/파이썬을-이용한-데이터분석과-it보안,프로그래밍 - 데이터 추출/분석,[]
183,생활코딩 - Oracle Database,무료,생활코딩,https://edu.goorm.io/lecture/15550/생활코딩-oracle-database,프로그래밍 - 데이터베이스,['이 정도 퀄리티의 강의가 무료라니! 잘 듣고 있습니다!']
184,데이터 시각화와 차트분석 기법,무료,노마드 크리에이터 Nomad Creator,https://edu.goorm.io/lecture/15563/데이터-시각화와-차트분석-기법,프로그래밍 - 데이터 추출/분석,['좋은강의네요\n']
185,웹 게임을 만들며 배우는 Vue,무료,조현영,https://edu.goorm.io/lecture/15523/웹-게임을-만들며-배우는-vue,웹 프로그래밍 - 프로그래밍,['강좌가 재밌어요']
186,파이썬 100분 핵심강의,"₩22,000",노마드 크리에이터 Nomad Creator,https://edu.goorm.io/lecture/15402/파이썬-100분-핵심강의,프로그래밍 - 프로그래밍 기초,[]
187,SwiftUI 개념 익히기,무료,Hohyeon Moon,https://edu.goorm.io/lecture/15378/swiftui-개념-익히기,프로그래밍 - 모바일 프로그래밍,[]
188,프리다(Frida)를 이용한 안드로이드 앱 모의해킹,"₩77,000",보안프로젝트,https://edu.goorm.io/lecture/15377/프리다-frida-를-이용한-안드로이드-앱-모의해킹,프로그래밍 - 보안,[]
189,누구나 쉽게 배우는 코딩 기초와 웹/앱 프로그래밍,무료,조코딩,https://edu.goorm.io/lecture/15287/누구나-쉽게-배우는-코딩-기초와-웹-앱-프로그래밍,프로그래밍 - 프로그래밍 기초,['재밌어요']
190,[디지털 포렌식 시리즈1] 디지털 포렌식 (Digital Forensic) 전문가 과정,"₩198,000",보안프로젝트,https://edu.goorm.io/lecture/15341/디지털-포렌식-시리즈1-디지털-포렌식-digital-forensic-전문가-과정,프로그래밍 - 보안,[]
191,[디지털 포렌식 시리즈5] 챌린지로 알아보는 디지털포렌식(심화),"₩99,000",보안프로젝트,https://edu.goorm.io/lecture/15261/디지털-포렌식-시리즈5-챌린지로-알아보는-디지털포렌식-심화,프로그래밍 - 보안,[]
192,[디지털 포렌식 시리즈4] 챌린지로 알아보는 디지털포렌식(기초),"₩99,000",보안프로젝트,https://edu.goorm.io/lecture/15260/디지털-포렌식-시리즈4-챌린지로-알아보는-디지털포렌식-기초,프로그래밍 - 보안,[]
193,내 손으로 한땀한땀 만드는 풀스택 인스타클론 강의,"₩110,000",제주코딩베이스캠프,https://edu.goorm.io/lecture/13869/내-손으로-한땀한땀-만드는-풀스택-인스타클론-강의,웹 프로그래밍 - 프로그래밍,['다른데서 장고 공부하고 와서 다시 보기 시작했는데 개념정리로 너무 좋습니다 추천드립니다!']
194,파이썬 스쿨 - 파이썬 프로그래밍을 이용한 업무 자동화,"₩121,000",보안프로젝트,https://edu.goorm.io/lecture/15257/파이썬-스쿨-파이썬-프로그래밍을-이용한-업무-자동화,프로그래밍 - 데이터 추출/분석,[]
195,센치한 개발자의 안드로이드 스튜디오 기초,무료,센치한개발자,https://edu.goorm.io/lecture/15171/센치한-개발자의-안드로이드-스튜디오-기초,프로그래밍 - 모바일 프로그래밍,['잘듣고있습니다!']
196,센치한 개발자의 자바 기초,무료,센치한개발자,https://edu.goorm.io/lecture/15170/센치한-개발자의-자바-기초,프로그래밍 - 프로그래밍 기초,['딱 제가 찾던 강의네요 ^^']
197,파이썬으로 만드는 라즈베리 파이 사물인터넷(IoT)프로젝트 - 기본편,"₩33,000",노마드 크리에이터 Nomad Creator,https://edu.goorm.io/lecture/15186/파이썬으로-만드는-라즈베리-파이-사물인터넷-iot-프로젝트-기본편,프로그래밍 - IoT,[]
198,파이썬을 이용한 IT 해킹과 보안,"₩110,000",보안프로젝트,https://edu.goorm.io/lecture/15149/파이썬을-이용한-it-해킹과-보안,프로그래밍 - 보안,[]
199,IT보안을 위한 와이어샤크 패킷 분석,무료,보안프로젝트,https://edu.goorm.io/lecture/15125/it보안을-위한-와이어샤크-패킷-분석,프로그래밍 - 보안,[]
200,해킹 대회를 위한 시스템 해킹 프로토스타 완벽 풀이집,"₩99,000",보안프로젝트,https://edu.goorm.io/lecture/15126/해킹-대회를-위한-시스템-해킹-프로토스타-완벽-풀이집,프로그래밍 - 보안,[]
201,2019 온라인 코딩 파티 시즌1 - 텍스트 코딩 용사가 되자!!!,무료,구름,https://edu.goorm.io/lecture/15047/2019-온라인-코딩-파티-시즌1-텍스트-코딩-용사가-되자,프로그래밍 - 프로그래밍 기초,['굿']
202,SVG 마스터,"₩27,500",1분코딩,https://edu.goorm.io/lecture/14971/svg-마스터,웹 프로그래밍 - 프로그래밍,[]
203,"부담 없이 쉽고 편하게, 자바스크립트 기초 정리!",무료,1분코딩,https://edu.goorm.io/lecture/14938/부담-없이-쉽고-편하게-자바스크립트-기초-정리,웹 프로그래밍 - 프로그래밍,['자바스크립트 배우면서 막막했는데 선생님 강의 듣고 많은 도움이 됐습니다! 기초를 다지기 너무 좋은 강의에요']
204,보안 전문가를 위한 파워쉘,"₩110,000",보안프로젝트,https://edu.goorm.io/lecture/14982/보안-전문가를-위한-파워쉘,프로그래밍 - 보안,[]
205,생활코딩 - WEB7: Login with Facebook On Passport(Facebook Login),무료,생활코딩,https://edu.goorm.io/lecture/14674/생활코딩-web7-login-with-facebook-on-passport-facebook-login,웹 프로그래밍 - 프로그래밍,[]
206,생활코딩 - WEB7: Login with Google On Passport (Google Login),무료,생활코딩,https://edu.goorm.io/lecture/14675/생활코딩-web7-login-with-google-on-passport-google-login,웹 프로그래밍 - 프로그래밍,[]
207,처음 시작하는 Vue.js 웹프로그래밍,"₩27,500",소프트캠퍼스,https://edu.goorm.io/lecture/14816/처음-시작하는-vue-js-웹프로그래밍,웹 프로그래밍 - 프로그래밍,[]
208,생활코딩 - WEB6: Multi User on Passport (다중 사용자),무료,생활코딩,https://edu.goorm.io/lecture/14644/생활코딩-web6-multi-user-on-passport-다중-사용자,웹 프로그래밍 - 프로그래밍,[]
209,생활코딩 - WEB5: Express Passport.js,무료,생활코딩,https://edu.goorm.io/lecture/14643/생활코딩-web5-express-passport-js,웹 프로그래밍 - 프로그래밍,[]
210,생활코딩 - WEB4: Express Session & Auth (세션과 인증),무료,생활코딩,https://edu.goorm.io/lecture/14642/생활코딩-web4-express-session-and-auth-세션과-인증,웹 프로그래밍 - 프로그래밍,['생활코딩 최고입니다!']
211,인공지능 R GO! 하자!,무료,이수화,https://edu.goorm.io/lecture/14631/인공지능-r-go-하자,프로그래밍 - 인공지능,['정말 도움이 많이 됬습니다. 정말 감사합니다']
212,생활코딩 - Node.js: 쿠키와 인증,무료,생활코딩,https://edu.goorm.io/lecture/14641/생활코딩-node-js-쿠키와-인증,웹 프로그래밍 - 프로그래밍,['gooooodddd']
213,생활코딩 - WEB3: Google Login,무료,생활코딩,https://edu.goorm.io/lecture/14634/생활코딩-web3-google-login,웹 프로그래밍 - 프로그래밍,[]
214,생활코딩 - WEB3: Facebook Login,무료,생활코딩,https://edu.goorm.io/lecture/14633/생활코딩-web3-facebook-login,웹 프로그래밍 - 프로그래밍,[]
215,생활코딩 - WEB3: Ajax,무료,생활코딩,https://edu.goorm.io/lecture/14632/생활코딩-web3-ajax,웹 프로그래밍 - 프로그래밍,"['아직 마냥 쉽지는 않지만, AJAX 를 어떻게 활용할 수 있는지 아이디어를 얻어갑니다.']"
216,마인크래프트 게임을 활용한 파이썬 프로그래밍 완벽 이해,"₩55,000",보안프로젝트,https://edu.goorm.io/lecture/13439/마인크래프트-게임을-활용한-파이썬-프로그래밍-완벽-이해,프로그래밍 - 프로그래밍 기초,[]
217,웹 게임을 만들며 배우는 React(리액트),무료,조현영,https://edu.goorm.io/lecture/14562/웹-게임을-만들며-배우는-react-리액트,웹 프로그래밍 - 프로그래밍,['원리를 설명잘해주십니다 ㅎㅎ ']
218,프로젝트를 통해 배우는 파이썬 프로그래밍,무료,노마드 크리에이터 Nomad Creator,https://edu.goorm.io/lecture/14588/프로젝트를-통해-배우는-파이썬-프로그래밍,프로그래밍 - 프로그래밍 기초,['Good']
219,악성코드분석 중급과정 (유형별분석),"₩132,000",보안프로젝트,https://edu.goorm.io/lecture/14297/악성코드분석-중급과정-유형별분석,프로그래밍 - 보안,[]
220,윈도우 악성코드(malware) 분석 입문 과정,"₩143,000",보안프로젝트,https://edu.goorm.io/lecture/14068/윈도우-악성코드-malware-분석-입문-과정,프로그래밍 - 보안,[]
221,메타스플로잇 활용 및 취약점 분석(고급과정),"₩110,000",보안프로젝트,https://edu.goorm.io/lecture/13437/메타스플로잇-활용-및-취약점-분석-고급과정,프로그래밍 - 보안,[]
222,생활코딩 - 관계형 데이터 모델링,무료,생활코딩,https://edu.goorm.io/lecture/14442/생활코딩-관계형-데이터-모델링,프로그래밍 - 데이터베이스,['깔끔한 설명이 아주 좋아요!\n감사합니다.']
223,메타스플로잇 활용 및 분석 완벽 가이드 (초중급),"₩88,000",보안프로젝트,https://edu.goorm.io/lecture/14369/메타스플로잇-활용-및-분석-완벽-가이드-초중급,프로그래밍 - 보안,[]
224,생활코딩 - SQL JOIN,무료,생활코딩,https://edu.goorm.io/lecture/14441/생활코딩-sql-join,프로그래밍 - 데이터베이스,['하나하나 친절하게 가르쳐줘서 잘 습득 되네요']
225,악성코드 분석을 위한 메모리 포렌식 (Memory Forensic),"₩88,000",보안프로젝트,https://edu.goorm.io/lecture/14550/악성코드-분석을-위한-메모리-포렌식-memory-forensic,프로그래밍 - 보안,[]
226,[바로실습] 생활코딩 - JavaScript Immutability,무료,생활코딩,https://edu.goorm.io/lecture/14439/바로실습-생활코딩-javascript-immutability,웹 프로그래밍 - 프로그래밍,[]
227,생활코딩 - Redux,무료,생활코딩,https://edu.goorm.io/lecture/14440/생활코딩-redux,웹 프로그래밍 - 프로그래밍,['쉬운 설명 갑사합니다']
228,처음 만난 AWS,무료,소플,https://edu.goorm.io/lecture/12945/처음-만난-aws,프로그래밍 - 데브옵스,['AWS 이해에 많은 도움이 되었습니다.']
229,처음 만난 React(리액트),무료,소플,https://edu.goorm.io/lecture/12976/처음-만난-react-리액트,웹 프로그래밍 - 프로그래밍,['좋아요!']
230,안드로이드 모바일 앱 모의해킹과 시큐어코딩,"₩132,000",보안프로젝트,https://edu.goorm.io/lecture/13435/안드로이드-모바일-앱-모의해킹과-시큐어코딩,프로그래밍 - 보안,[]
231,Node.js 서버 프로그래밍 과정,"₩22,000",소프트캠퍼스,https://edu.goorm.io/lecture/13564/node-js-서버-프로그래밍-과정,웹 프로그래밍 - 프로그래밍,[]
232,Oracle Database 11g PL/SQL Developer,"₩16,500",소프트캠퍼스,https://edu.goorm.io/lecture/13563/oracle-database-11g-pl-sql-developer,프로그래밍 - 데이터베이스,[]
233,윈도우즈 애플리케이션 취약점 분석 입문부터 활용까지,"₩132,000",보안프로젝트,https://edu.goorm.io/lecture/13436/윈도우즈-애플리케이션-취약점-분석-입문부터-활용까지,프로그래밍 - 보안,[]
234,Mobile App UI/UX/GUI Design Tutorials (모바일 앱 UX/UI/GUI 디자인 실무),"₩22,000",소프트캠퍼스,https://edu.goorm.io/lecture/13429/mobile-app-ui-ux-gui-design-tutorials-모바일-앱-ux-ui-gui-디자인-실무,프로그래밍 - 모바일 프로그래밍,[]
235,네트워크 패킷 분석 입문 및 악성코드 샘플 분석,"₩132,000",보안프로젝트,https://edu.goorm.io/lecture/13438/네트워크-패킷-분석-입문-및-악성코드-샘플-분석,프로그래밍 - 보안,[]
236,안드로이드 + 파이어베이스 SNS앱 만들기,무료,Bored Developer,https://edu.goorm.io/lecture/13523/안드로이드-파이어베이스-sns앱-만들기,프로그래밍 - 모바일 프로그래밍,['so cool']
237,HTML5와 웹표준 제대로 배우기,"₩30,000",아이티고,https://edu.goorm.io/lecture/13350/html5와-웹표준-제대로-배우기,웹 프로그래밍 - 프로그래밍,[]
238,실무 웹 제작 강의노트,"₩52,000",아이티고,https://edu.goorm.io/lecture/13343/실무-웹-제작-강의노트,웹 프로그래밍 - 프로그래밍,[]
239,비박스를 활용한 웹 모의해킹 완벽 실습,"₩132,000",보안프로젝트,https://edu.goorm.io/lecture/13272/비박스를-활용한-웹-모의해킹-완벽-실습,프로그래밍 - 보안,[]
240,HTML5 Canvas 2D 제대로 배우기,"₩20,000",아이티고,https://edu.goorm.io/lecture/13337/html5-canvas-2d-제대로-배우기,웹 프로그래밍 - 프로그래밍,[]
241,Wix(윅스)로 간단하게 홈페이지 만들기,"₩18,000",아이티고,https://edu.goorm.io/lecture/13342/wix-윅스-로-간단하게-홈페이지-만들기,프로그래밍 - 기타,[]
242,오픈 소스 도구를 활용한 웹 해킹 및 스노트 분석 - 침해대응,"₩99,000",보안프로젝트,https://edu.goorm.io/lecture/13273/오픈-소스-도구를-활용한-웹-해킹-및-스노트-분석-침해대응,프로그래밍 - 보안,[]
243,유니티3D 실전 게임 개발 프로젝트 - 디펜스게임,"₩36,300",소프트캠퍼스,https://edu.goorm.io/lecture/13356/유니티3d-실전-게임-개발-프로젝트-디펜스게임,프로그래밍 - 게임 개발,[]
244,유니티3D 실전 게임 개발 프로젝트 - 클리커게임,"₩16,500",소프트캠퍼스,https://edu.goorm.io/lecture/13355/유니티3d-실전-게임-개발-프로젝트-클리커게임,프로그래밍 - 게임 개발,[]
245,처음 시작하는 HTML&HTML5 Tutorial,"₩16,500",소프트캠퍼스,https://edu.goorm.io/lecture/13354/처음-시작하는-html-html5-tutorial,웹 프로그래밍 - 프로그래밍,[]
246,처음 시작하는 jQuery Programming,"₩16,500",소프트캠퍼스,https://edu.goorm.io/lecture/13363/처음-시작하는-jquery-programming,웹 프로그래밍 - 프로그래밍,[]
247,처음 시작하는 파이썬,"₩16,500",소프트캠퍼스,https://edu.goorm.io/lecture/13351/처음-시작하는-파이썬,프로그래밍 - 프로그래밍 기초,[]
248,처음 시작하는 MySQL DataBase,"₩16,500",소프트캠퍼스,https://edu.goorm.io/lecture/13353/처음-시작하는-mysql-database,프로그래밍 - 데이터베이스,[]
249,처음 시작하는 C언어,무료,소프트캠퍼스,https://edu.goorm.io/lecture/13352/처음-시작하는-c언어,프로그래밍 - 프로그래밍 기초,['괜찮습니다.\n그다지 어려운 용어를 사용하지도 않고 쉽게 잘\n알려주셨습니다.']
250,처음 시작하는 JavaScript Programming,"₩16,500",소프트캠퍼스,https://edu.goorm.io/lecture/13334/처음-시작하는-javascript-programming,웹 프로그래밍 - 프로그래밍,[]
251,겜팔이의 안드로이드 세뇌교실: 인★그램 개발부터 배포까지,무료,겜팔이,https://edu.goorm.io/lecture/13313/겜팔이의-안드로이드-세뇌교실-인-그램-개발부터-배포까지,프로그래밍 - 모바일 프로그래밍,[]
252,2019 겜팔이의 노릇노릇 파이어베이스,무료,겜팔이,https://edu.goorm.io/lecture/13306/2019-겜팔이의-노릇노릇-파이어베이스,프로그래밍 - 모바일 프로그래밍,[]
253,완벽 파이썬 크롤링 A to Z 풀패키지 부트캠프,"₩99,000",잔재미코딩(Dave Lee),https://edu.goorm.io/lecture/13243/완벽-파이썬-크롤링-a-to-z-풀패키지-부트캠프,프로그래밍 - 데이터 추출/분석,['너무 친절하고 상세하게 잘 알려주십니다.']
254,초보자를 위한 jQuery UI Pattern 제대로 배우기,"₩106,000",아이티고,https://edu.goorm.io/lecture/13256/초보자를-위한-jquery-ui-pattern-제대로-배우기,웹 프로그래밍 - 프로그래밍,[]
255,xlsxwriter 튜토리얼로 배우는 Python 엑셀 프로그래밍,"₩55,000",제주코딩베이스캠프,https://edu.goorm.io/lecture/13038/xlsxwriter-튜토리얼로-배우는-python-엑셀-프로그래밍,프로그래밍 - 데이터 추출/분석,[]
256,생활코딩 - WEB2: Python,무료,생활코딩,https://edu.goorm.io/lecture/13091/생활코딩-web2-python,웹 프로그래밍 - 프로그래밍,['입문자가 이해하기 쉽게 잘 설명해주십니다.']
257,생활코딩 - WEB3: PHP & MySQL,무료,생활코딩,https://edu.goorm.io/lecture/13086/생활코딩-web3-php-and-mysql,웹 프로그래밍 - 프로그래밍,['아주유용']
258,생활코딩 - WEB2: Node.js - MySQL,무료,생활코딩,https://edu.goorm.io/lecture/13087/생활코딩-web2-node-js-mysql,웹 프로그래밍 - 프로그래밍,['좋은 강의 감사합니다.']
259,생활코딩 - WEB2: Home Server,무료,생활코딩,https://edu.goorm.io/lecture/13090/생활코딩-web2-home-server,웹 프로그래밍 - 프로그래밍,[]
260,생활코딩 - WEB2: DNS & HTTP,무료,생활코딩,https://edu.goorm.io/lecture/13089/생활코딩-web2-dns-and-http,웹 프로그래밍 - 프로그래밍,['good']
261,생활코딩 - Source Tree로 Git 활용하기,무료,생활코딩,https://edu.goorm.io/lecture/13062/생활코딩-source-tree로-git-활용하기,프로그래밍 - 개발 도구,[]
262,생활코딩 - CodeIgniter,무료,생활코딩,https://edu.goorm.io/lecture/13064/생활코딩-codeigniter,웹 프로그래밍 - 프로그래밍,['코드이그나이터 스터디도 다니고 했지만 대부분 실무에서 바로 사용하시는 분들이라 이해가 조금 부족했는데 A to Z 로 너무 쉽게 베우고 있습니다.\n\n감사합니다!']
263,제코베 Code Festival: Python 100제,"₩55,000",제주코딩베이스캠프,https://edu.goorm.io/lecture/12206/제코베-code-festival-python-100제,프로그래밍 - 알고리즘,[]
264,Java 기반 Android 9.0 Pie App 개발 고급,"₩27,500",소프트캠퍼스,https://edu.goorm.io/lecture/13200/java-기반-android-9-0-pie-app-개발-고급,프로그래밍 - 모바일 프로그래밍,[]
265,처음 시작하는 CSS&CSS3 Tutorial,"₩11,000",소프트캠퍼스,https://edu.goorm.io/lecture/13207/처음-시작하는-css-css3-tutorial,웹 프로그래밍 - 프로그래밍,[]
266,[바로실습] 생활코딩 - WEB2: PHP,무료,생활코딩,https://edu.goorm.io/lecture/13048/바로실습-생활코딩-web2-php,웹 프로그래밍 - 프로그래밍,['good!good!']
267,생활코딩 - WEB2: OAuth 2.0,무료,생활코딩,https://edu.goorm.io/lecture/13047/생활코딩-web2-oauth-2-0,웹 프로그래밍 - 프로그래밍,[]
268,[바로실습] 생활코딩 - WEB2: CSS,무료,생활코딩,https://edu.goorm.io/lecture/13045/바로실습-생활코딩-web2-css,웹 프로그래밍 - 프로그래밍,['명확한 해설과 예제. 정말 좋습니다.']
269,한 눈에 끝내는 자바 기초,"₩99,000",구름,https://edu.goorm.io/lecture/12243/한-눈에-끝내는-자바-기초,프로그래밍 - 프로그래밍 기초,['초심자가 보기에 좋은 강의입니다']
270,Java 기반 Android 9.0 Pie App 개발 심화,"₩27,500",소프트캠퍼스,https://edu.goorm.io/lecture/13112/java-기반-android-9-0-pie-app-개발-심화,프로그래밍 - 모바일 프로그래밍,[]
271,Java 기반 Android 9.0 Pie App 개발 기본,"₩27,500",소프트캠퍼스,https://edu.goorm.io/lecture/13082/java-기반-android-9-0-pie-app-개발-기본,프로그래밍 - 모바일 프로그래밍,[]
272,다시 풀어보는 2019 정보올림피아드 1차 대회 기출문제,무료,구름,https://edu.goorm.io/lecture/13095/다시-풀어보는-2019-정보올림피아드-1차-대회-기출문제,프로그래밍 - 알고리즘,['직접 풀어볼 수 있어서 좋아요']
273,생활코딩 - Atom Editor,무료,생활코딩,https://edu.goorm.io/lecture/13044/생활코딩-atom-editor,프로그래밍 - 개발 도구,[' ']
274,생활코딩 - WEB2: Node.js,무료,생활코딩,https://edu.goorm.io/lecture/13049/생활코딩-web2-node-js,웹 프로그래밍 - 프로그래밍,['너무 좋아요 우효www ']
275,생활코딩 - WEB1: HTML & Internet,무료,생활코딩,https://edu.goorm.io/lecture/12959/생활코딩-web1-html-and-internet,웹 프로그래밍 - 프로그래밍,['차분한 설명에 이해가 잘되네요 좋습니다']
276,생활코딩 - WEB2: JavaScript,무료,생활코딩,https://edu.goorm.io/lecture/12906/생활코딩-web2-javascript,웹 프로그래밍 - 프로그래밍,['무료 강의임에도 강의 퀄리티는 좋습니다']
277,Bootstrap 4 & 3 Framework Tutorial,"₩22,000",소프트캠퍼스,https://edu.goorm.io/lecture/13039/bootstrap-4-3-framework-tutorial,웹 프로그래밍 - 프로그래밍,[]
278,Vue.js로 시작하는 SPA 개발,무료,계성혁,https://edu.goorm.io/lecture/13020/vue-js로-시작하는-spa-개발,웹 프로그래밍 - 프로그래밍,['Vue JS 강의 찾고있었는데 기초 강의 정말 좋아요! 무료로 지식을 공유해주셔서 감사드립니다.']
279,대회 문제 풀이로 이해하는 디스크 포렌식 분석,"₩77,000",보안프로젝트,https://edu.goorm.io/lecture/13018/대회-문제-풀이로-이해하는-디스크-포렌식-분석,프로그래밍 - 보안,[]
280,Start Google Angular.js,"₩22,000",소프트캠퍼스,https://edu.goorm.io/lecture/13019/start-google-angular-js,웹 프로그래밍 - 프로그래밍,[]
281,생활코딩 - 리액트 (React),무료,생활코딩,https://edu.goorm.io/lecture/12949/생활코딩-리액트-react,웹 프로그래밍 - 프로그래밍,['ㄹㅇ 핵심만 쏙쏙 뽑아주는 강의 ']
282,생활코딩 - 리눅스(Linux),무료,생활코딩,https://edu.goorm.io/lecture/12984/생활코딩-리눅스-linux,프로그래밍 - 데브옵스,['쉽고 편하게 설명해주셔서 듣기 좋아요']
283,생활코딩 - 크롬 개발자도구,무료,생활코딩,https://edu.goorm.io/lecture/12983/생활코딩-크롬-개발자도구,프로그래밍 - 개발 도구,[]
284,"생활코딩 - 네트워크 개념 잡기 (도메인, 네임서버, HTTPS)",무료,생활코딩,https://edu.goorm.io/lecture/12973/생활코딩-네트워크-개념-잡기-도메인-네임서버-https,프로그래밍 - 기타,['최고입니다.']
285,생활코딩 - 정규표현식,무료,생활코딩,https://edu.goorm.io/lecture/12972/생활코딩-정규표현식,웹 프로그래밍 - 프로그래밍,['아주 흥겹습니다.']
286,생활코딩 - 지옥에서 온 Git,무료,생활코딩,https://edu.goorm.io/lecture/12948/생활코딩-지옥에서-온-git,프로그래밍 - 개발 도구,['쉽게 설명 해주세요!']
287,MongoDB(몽고) 기초 다지기,"₩20,000",아이티고,https://edu.goorm.io/lecture/12879/mongodb-몽고-기초-다지기,프로그래밍 - 데이터베이스,[]
288,생활코딩 - 아마존 웹 서비스 (AWS),무료,생활코딩,https://edu.goorm.io/lecture/12947/생활코딩-아마존-웹-서비스-aws,프로그래밍 - 데브옵스,['잘 따라하고 있습니다. 상세히 잘 알려주셔서 좋아요']
289,[저자 직강 바로 실행] Do it! 웹 프로그래밍을 위한 자바스크립트 기본 편,무료,이지스퍼블리싱,https://edu.goorm.io/lecture/12915/저자-직강-바로-실행-do-it-웹-프로그래밍을-위한-자바스크립트-기본-편,웹 프로그래밍 - 프로그래밍,['뒷부분도 찍어주세요ㅠㅠㅠ']
290,[디지털 포렌식 시리즈3] 디지털 포렌식 전문가 2급 실기 과정 (Digital Forensic 자격증 최신 과정),"₩99,000",보안프로젝트,https://edu.goorm.io/lecture/12923/디지털-포렌식-시리즈3-디지털-포렌식-전문가-2급-실기-과정-digital-forensic-자격증-최신-과정,프로그래밍 - 보안,[]
291,[디지털 포렌식 시리즈2] 디지털 포렌식 분석 자격증 2급 필기 대비,"₩110,000",보안프로젝트,https://edu.goorm.io/lecture/12922/디지털-포렌식-시리즈2-디지털-포렌식-분석-자격증-2급-필기-대비,프로그래밍 - 보안,[]
292,레나(Lena)를 활용한 윈도우 리버싱 완벽 이해,"₩165,000",보안프로젝트,https://edu.goorm.io/lecture/12847/레나-lena-를-활용한-윈도우-리버싱-완벽-이해,프로그래밍 - 보안,[]
293,[저자 직강] Do it! Node.js 프로그래밍,무료,이지스퍼블리싱,https://edu.goorm.io/lecture/12534/저자-직강-do-it-node-js-프로그래밍,웹 프로그래밍 - 프로그래밍,['프론트앤드인데 백앤드 처리 과정을 이해하고 싶어서 차근차근 수강중입니다. 강사님께서 처음부터 끝까지 친절하게 다 설명해주셔서 재미있고 이해가 잘돼요! 강의 만들어주셔서 감사합니다 💕']
294,[저자 직강 바로 실행] Do it! 자바스크립트 + 제이쿼리 입문,무료,이지스퍼블리싱,https://edu.goorm.io/lecture/12563/저자-직강-바로-실행-do-it-자바스크립트-제이쿼리-입문,웹 프로그래밍 - 프로그래밍,[]
295,[저자 직강 바로 실행] Do it! HTML5 + CSS3 웹 표준의 정석,무료,이지스퍼블리싱,https://edu.goorm.io/lecture/12565/저자-직강-바로-실행-do-it-html5-css3-웹-표준의-정석,웹 프로그래밍 - 프로그래밍,['이해하기 쉽고 자세한 설명은 좋으나  동영상을 멈추었을 때 동영상 더보기 화면이 계속 띄어서 불편합니다.']
296,[저자 직강 바로 실행] Do it! 프런트엔드 웹 디자인 입문,무료,이지스퍼블리싱,https://edu.goorm.io/lecture/12583/저자-직강-바로-실행-do-it-프런트엔드-웹-디자인-입문,웹 프로그래밍 - 프로그래밍,[]
297,[연재] 스크래치 3.0 완전정복,무료,박동호,https://edu.goorm.io/lecture/12178/연재-스크래치-3-0-완전정복,프로그래밍 - 블록 프로그래밍,[]
298,게임으로 배우는 JavaScript,무료,노마드 크리에이터 Nomad Creator,https://edu.goorm.io/lecture/12256/게임으로-배우는-javascript,웹 프로그래밍 - 프로그래밍,[]
299,스크래치 코딩으로 배우는 수학의 개념과 원리,무료,노마드 크리에이터 Nomad Creator,https://edu.goorm.io/lecture/12267/스크래치-코딩으로-배우는-수학의-개념과-원리,프로그래밍 - 수학,[]
300,무작정 시작하는 안드로이드 개발,무료,노마드 크리에이터 Nomad Creator,https://edu.goorm.io/lecture/12250/무작정-시작하는-안드로이드-개발,프로그래밍 - 모바일 프로그래밍,[]
301,아두이노를 이용한 기상정보 수집과 빅데이터 분석,무료,노마드 크리에이터 Nomad Creator,https://edu.goorm.io/lecture/12249/아두이노를-이용한-기상정보-수집과-빅데이터-분석,프로그래밍 - 데이터 추출/분석,[]
302,React와 Node.js를 활용한 고객 관리 시스템 개발,무료,나동빈,https://edu.goorm.io/lecture/11817/react와-node-js를-활용한-고객-관리-시스템-개발,웹 프로그래밍 - 프로그래밍,['남잔데 목소리에 치인다 ㄷㄷ\n일단 별5개 꽂고 갑니다.']
303,"Flutter 입문 - 안드로이드, iOS 개발을 한 번에","₩33,000",오준석,https://edu.goorm.io/lecture/11572/flutter-입문-안드로이드-ios-개발을-한-번에,프로그래밍 - 모바일 프로그래밍,[]
304,위클리 비타알고 시즌1 코딩테스트 초급부터 중급까지,"₩200,000",구름,https://edu.goorm.io/lecture/11220/위클리-비타알고-시즌1-코딩테스트-초급부터-중급까지,프로그래밍 - 알고리즘,['매주매주 업그레이드 되는 느낌이 옵니다']
305,레트로의 유니티 C# 프로그래밍 에센스,"₩88,000",I_Jemin,https://edu.goorm.io/lecture/11204/레트로의-유니티-c-프로그래밍-에센스,프로그래밍 - 게임 개발,['c# 처음 접하는 사람이지만 유니티 기반으로 쉽게 이해 할수 있게 해주셨습니다.  당연히 처음이니 제가 어려워 하는건 당연한거지만 그림으로 설명하면서 이해를 돕기 위해  해주셔서 감사합니다. ']
306,Git으로 시작하는 협업 및 오픈소스 프로젝트,무료,나동빈,https://edu.goorm.io/lecture/11528/git으로-시작하는-협업-및-오픈소스-프로젝트,프로그래밍 - 개발 도구,['최고..!']
307,자바로 이해하는 블록체인 이론과 실습,무료,나동빈,https://edu.goorm.io/lecture/11527/자바로-이해하는-블록체인-이론과-실습,프로그래밍 - 보안,['이해가 잘 되고있어요']
308,모의 해킹으로 배우는 ARP 스푸핑 해킹 기법,무료,나동빈,https://edu.goorm.io/lecture/11409/모의-해킹으로-배우는-arp-스푸핑-해킹-기법,프로그래밍 - 보안,['z']
309,안경잡이개발자가 알려주는 텐서플로우&머신러닝,무료,나동빈,https://edu.goorm.io/lecture/11408/안경잡이개발자가-알려주는-텐서플로우and머신러닝,프로그래밍 - 인공지능,['좋은 강의 감사합니다. ']
310,김왼손의 파이썬 예제 뽀개기,무료,김왼손의 왼손코딩,https://edu.goorm.io/lecture/11205/김왼손의-파이썬-예제-뽀개기,프로그래밍 - 프로그래밍 기초,['역시 코딩은 해보면서 하는게 짱인듯 :) \n좋은 문제와 풀이 모두 감사합니다. ']
311,이것이 PL/SQL 이다!,"₩13,200",David Justin,https://edu.goorm.io/lecture/11000/이것이-pl-sql-이다,프로그래밍 - 데이터베이스,[]
312,[2018 디지털스쿨백팩] SW 아이디어 콘서트 수상작/출품작 갤러리,무료,구름,https://edu.goorm.io/lecture/10682/2018-디지털스쿨백팩-sw-아이디어-콘서트-수상작-출품작-갤러리,프로그래밍 - 프로그래밍 교양,[]
313,코알못에서 웹서비스 런칭까지: 온라인 제주 코딩 베이스캠프,"₩99,000",제주코딩베이스캠프,https://edu.goorm.io/lecture/10983/코알못에서-웹서비스-런칭까지-온라인-제주-코딩-베이스캠프,웹 프로그래밍 - 프로그래밍,['최고의 강사진들이 웹 개발의 처음부터 끝까지 가르쳐주는 명강의입니다. 웹개발에 관심있는 모든 분들께 추천드립니다!! ^^']
314,안경잡이개발자가 알려주는 자바 기초 프로그래밍,무료,나동빈,https://edu.goorm.io/lecture/10727/안경잡이개발자가-알려주는-자바-기초-프로그래밍,프로그래밍 - 프로그래밍 기초,['듣기 좋습니다.']
315,웹 게임을 만들며 배우는 JavaScript(자바스크립트),무료,조현영,https://edu.goorm.io/lecture/10954/웹-게임을-만들며-배우는-javascript-자바스크립트,웹 프로그래밍 - 프로그래밍,['재밌어요!']
316,생활코딩 - DATABASE2: lowdb,무료,생활코딩,https://edu.goorm.io/lecture/10846/생활코딩-database2-lowdb,프로그래밍 - 데이터베이스,[]
317,생활코딩 - DATABASE2: MySQL,무료,생활코딩,https://edu.goorm.io/lecture/10845/생활코딩-database2-mysql,프로그래밍 - 데이터베이스,['차근차근 배울 수 있어서 좋습니다~']
318,[2018 우수활용사례 수상작] 교과서와 함께 배우는 컴퓨팅 사고력,무료,김규섭,https://edu.goorm.io/lecture/10681/2018-우수활용사례-수상작-교과서와-함께-배우는-컴퓨팅-사고력,프로그래밍 - 블록 프로그래밍,[]
319,생활코딩 - DATABASE1,무료,생활코딩,https://edu.goorm.io/lecture/10844/생활코딩-database1,프로그래밍 - 데이터베이스,['이해하기 좋았어요.']
320,슬기로운 학교생활(코딩편),무료,윤남호,https://edu.goorm.io/lecture/10672/슬기로운-학교생활-코딩편,프로그래밍 - 블록 프로그래밍,['알기 쉽고 유익해요!']
321,SW로 달리는 미래 자동차 만들기,무료,KIM KM,https://edu.goorm.io/lecture/10671/sw로-달리는-미래-자동차-만들기,프로그래밍 - 블록 프로그래밍,['재미있어요']
322,안경잡이개발자가 알려주는 실전 알고리즘 강좌,무료,나동빈,https://edu.goorm.io/lecture/10710/안경잡이개발자가-알려주는-실전-알고리즘-강좌,프로그래밍 - 알고리즘,['정말 잘 듣고 있습니다 감사합니다 !!']
323,코딩으로 한. 수. 배우다!,무료,이대혁,https://edu.goorm.io/lecture/10673/코딩으로-한-수-배우다,프로그래밍 - 블록 프로그래밍,[]
324,안경잡이개발자가 알려주는 C언어 기초 프로그래밍,무료,나동빈,https://edu.goorm.io/lecture/10719/안경잡이개발자가-알려주는-c언어-기초-프로그래밍,프로그래밍 - 프로그래밍 기초,['좋아용']
325,실전 게임 개발로 배우는 언리얼 엔진 강의,무료,윤인성,https://edu.goorm.io/lecture/4484/실전-게임-개발로-배우는-언리얼-엔진-강의,프로그래밍 - 게임 개발,['강의를 쉽게 이해할수 있게 잘 가르쳐 주시네요 ']
326,[절대강좌! 유니티 2018] Zerodeg과 함께 공부해보기,무료,Zerodeg J,https://edu.goorm.io/lecture/10107/절대강좌-유니티-2018-zerodeg과-함께-공부해보기,프로그래밍 - 게임 개발,[]
327,[3D 유니티] 생존게임 만들기! - Advanced,"₩11,000",김으뜸,https://edu.goorm.io/lecture/9970/3d-유니티-생존게임-만들기-advanced,프로그래밍 - 게임 개발,['완전초보인데 따라갈 수 있을정도입니다']
328,2018 온라인 코딩 파티 시즌2 - 텍스트 코딩 용사가 되자!!!,무료,구름,https://edu.goorm.io/lecture/6443/2018-온라인-코딩-파티-시즌2-텍스트-코딩-용사가-되자,프로그래밍 - 프로그래밍 기초,['재미있어요!']
329,[스낵코딩] 코딩술사,무료,ALUX,https://edu.goorm.io/lecture/6198/스낵코딩-코딩술사,프로그래밍 - 블록 프로그래밍,[]
330,[스낵코딩] 코딩더테이블,무료,ALUX,https://edu.goorm.io/lecture/5999/스낵코딩-코딩더테이블,프로그래밍 - 블록 프로그래밍,[]
331,한 눈에 끝내는 Node.js,무료,구름,https://edu.goorm.io/lecture/557/한-눈에-끝내는-node-js,웹 프로그래밍 - 프로그래밍,['문서로 작성되어 내가 원하는 부분만 빠르게 읽고 학습할 수있어서 너무 좋다.']
332,한 눈에 끝내는 고랭 기초,무료,구름,https://edu.goorm.io/lecture/2010/한-눈에-끝내는-고랭-기초,프로그래밍 - 프로그래밍 기초,['좋아요 ㅎㅎ']
333,[3D Unity] 생존게임 만들기! - Basic,무료,김으뜸,https://edu.goorm.io/lecture/5026/3d-unity-생존게임-만들기-basic,프로그래밍 - 게임 개발,['개좋음']
334,화이트해커가 되기 위한 8가지 웹 해킹 기술,무료,secuacademy,https://edu.goorm.io/lecture/4953/화이트해커가-되기-위한-8가지-웹-해킹-기술,프로그래밍 - 보안,['열심히 하고있습니다 ㅠ0ㅠ 파이팅~']
335,머신러닝 이론 및 파이썬 실습,무료,Minsuk Heo,https://edu.goorm.io/lecture/4012/머신러닝-이론-및-파이썬-실습,프로그래밍 - 인공지능,['이해하기 쉽게 알려주셔서 너무 좋습니다!']
336,"[2017 NIA SW교안 공유 공모전] C언어, 스크래치를 통해 알아보자",무료,윤제성,https://edu.goorm.io/lecture/1647/2017-nia-sw교안-공유-공모전-c언어-스크래치를-통해-알아보자,프로그래밍 - 프로그래밍 기초,['so so']
337,Git & GitHub 입문 by 코드스쿼드,무료,코드스쿼드,https://edu.goorm.io/lecture/4661/git-github-입문-by-코드스쿼드,프로그래밍 - 개발 도구,['좋아요\n']
338,헬로 코딩 쌩초보의 처음 프로그래밍 파이썬,무료,윤인성,https://edu.goorm.io/lecture/4112/헬로-코딩-쌩초보의-처음-프로그래밍-파이썬,프로그래밍 - 프로그래밍 기초,[]
339,구름IDE를 이용하여 초고속으로 개인 웹 사이트 만들기,무료,나동빈,https://edu.goorm.io/lecture/4543/구름ide를-이용하여-초고속으로-개인-웹-사이트-만들기,프로그래밍 - 개발 도구,['아직 홈페이지를 안 만들었지만 유익할 것 같습니다']
340,모던 자바스크립트 개발자를 위한 리액트 프로그래밍,무료,윤인성,https://edu.goorm.io/lecture/4113/모던-자바스크립트-개발자를-위한-리액트-프로그래밍,웹 프로그래밍 - 프로그래밍,['ㅇ']
341,파이콘 2018 영코더 with 바울랩,무료,이호준,https://edu.goorm.io/lecture/3990/파이콘-2018-영코더-with-바울랩,프로그래밍 - 프로그래밍 교양,['무한반복갑니다']
342,모던 웹을 위한 JavaScript + jQuery 입문,무료,윤인성,https://edu.goorm.io/lecture/4110/모던-웹을-위한-javascript-jquery-입문,웹 프로그래밍 - 프로그래밍,['.']
343,개발자가 알려주는 코딩 인터뷰 정복하기,무료,Minsuk Heo,https://edu.goorm.io/lecture/4014/개발자가-알려주는-코딩-인터뷰-정복하기,프로그래밍 - 기타,[]
344,"ELK 스택(ElasticSearch, Logstash, Kibana)으로 데이터 분석",무료,Minsuk Heo,https://edu.goorm.io/lecture/4013/elk-스택-elasticsearch-logstash-kibana-으로-데이터-분석,프로그래밍 - 데이터 추출/분석,['.']
345,[바로실습] 생활코딩 - WEB3: 익스프레스(Express),무료,생활코딩,https://edu.goorm.io/lecture/3846/바로실습-생활코딩-web3-익스프레스-express,웹 프로그래밍 - 프로그래밍,['역시 생활코딩입니다 :)']
346,머신러닝/딥러닝 실전 입문,무료,윤인성,https://edu.goorm.io/lecture/4111/머신러닝-딥러닝-실전-입문,프로그래밍 - 인공지능,[]
347,[Pandas] 팬더스 데이터분석 기초 실습,무료,Minsuk Heo,https://edu.goorm.io/lecture/3999/pandas-팬더스-데이터분석-기초-실습,프로그래밍 - 데이터 추출/분석,['쉽게 잘 가르쳐주셔요']
348,한 눈에 끝내는 루비 기초,"₩39,000",구름,https://edu.goorm.io/lecture/2011/한-눈에-끝내는-루비-기초,프로그래밍 - 프로그래밍 기초,['Good!']
349,유니티 강좌 [쯔꾸르풍 게임 제작하기],무료,김으뜸,https://edu.goorm.io/lecture/3991/유니티-강좌-쯔꾸르풍-게임-제작하기,프로그래밍 - 게임 개발,['유니티 첨듣는 사람한테 살짝 벅찬감이 잇을정도의 난이도라 스스로 찾으면서 공부하기에 좋네요. ']
350,모두를 위한 딥러닝 - Deep Reinforcement Learning,무료,Sung Kim,https://edu.goorm.io/lecture/3980/모두를-위한-딥러닝-deep-reinforcement-learning,프로그래밍 - 인공지능,[]
351,MATLAB으로 시작하는 프로그래밍,무료,박범진,https://edu.goorm.io/lecture/3977/matlab으로-시작하는-프로그래밍,프로그래밍 - 프로그래밍 기초,['좋아요!']
352,모두를 위한 딥러닝 - 기본적인 머신러닝과 딥러닝,무료,Sung Kim,https://edu.goorm.io/lecture/3979/모두를-위한-딥러닝-기본적인-머신러닝과-딥러닝,프로그래밍 - 인공지능,['쉽게 설명해주셔서 이해가 잘 됩니다.']
353,[ Ruby Coin ] Rails로 쉽고 빠른 웹사이트 만들기,무료,Karoid,https://edu.goorm.io/lecture/1928/ruby-coin-rails로-쉽고-빠른-웹사이트-만들기,웹 프로그래밍 - 프로그래밍,['설명을 잘 해주셔요!']
354,[저자직강] Hello Coding 한입에 쏙 파이썬: 크리에이터 김왼손의 쉽고 빠른 파이썬 강의,무료,김왼손의 왼손코딩,https://edu.goorm.io/lecture/3856/저자직강-hello-coding-한입에-쏙-파이썬-크리에이터-김왼손의-쉽고-빠른-파이썬-강의,프로그래밍 - 프로그래밍 기초,['예제를 바로바로 실행해보면서 쉽게 배울 수 있어서 좋습니다.']
355,정보처리산업기사 기출문제,무료,구름,https://edu.goorm.io/lecture/3755/정보처리산업기사-기출문제,프로그래밍 - 기타,['예전에 공부했던걸 더듬어가며 풀어봤는데 역시나 과락했네요\n기출문제지만 온라인에서 쉽게 풀어보고 점수까지 확인해주니 좋아요']
356,다시 풀어보는 2016/2017 정보올림피아드 지역 대회 초등부 기출 문제,무료,구름,https://edu.goorm.io/lecture/3746/다시-풀어보는-2016-2017-정보올림피아드-지역-대회-초등부-기출-문제,프로그래밍 - 알고리즘,[]
357,다시 풀어보는 2016/2017 정보올림피아드 지역 대회 중등부 기출 문제,무료,구름,https://edu.goorm.io/lecture/3745/다시-풀어보는-2016-2017-정보올림피아드-지역-대회-중등부-기출-문제,프로그래밍 - 알고리즘,[]
358,다시 풀어보는 2016/2017 정보올림피아드 지역 대회 고등부 기출 문제,무료,구름,https://edu.goorm.io/lecture/3744/다시-풀어보는-2016-2017-정보올림피아드-지역-대회-고등부-기출-문제,프로그래밍 - 알고리즘,[]
359,IOS Firebase 강의,무료,하울의 코딩 채널,https://edu.goorm.io/lecture/3530/ios-firebase-강의,프로그래밍 - 모바일 프로그래밍,[]
360,안드로이드 Firebase 강의,무료,하울의 코딩 채널,https://edu.goorm.io/lecture/3528/안드로이드-firebase-강의,프로그래밍 - 모바일 프로그래밍,[]
361,Node.js Firebase - Function,무료,하울의 코딩 채널,https://edu.goorm.io/lecture/3570/node-js-firebase-function,프로그래밍 - 모바일 프로그래밍,[]
362,[바로실습] 생활코딩 - 자바스크립트(Javascript),무료,생활코딩,https://edu.goorm.io/lecture/2229/바로실습-생활코딩-자바스크립트-javascript,프로그래밍 - 프로그래밍 기초,['잘 듣고 있습니다']
363,김왼손의 유기농냠냠파이썬,무료,김왼손의 왼손코딩,https://edu.goorm.io/lecture/3524/김왼손의-유기농냠냠파이썬,프로그래밍 - 프로그래밍 기초,['강좌의 길이가 짧아 쉽게 집중할 수 있고 wrap up으로 간단하게 정리되어있어 전에 배운 내용을 쉽게 복습할 수 있다.']
364,HowlTalk - Android (Firebase),무료,하울의 코딩 채널,https://edu.goorm.io/lecture/3533/howltalk-android-firebase,프로그래밍 - 모바일 프로그래밍,[]
365,HowlTalk - IOS(Firebase),무료,하울의 코딩 채널,https://edu.goorm.io/lecture/3532/howltalk-ios-firebase,프로그래밍 - 모바일 프로그래밍,[]
366,Node.js 서버 개발,무료,하울의 코딩 채널,https://edu.goorm.io/lecture/3534/node-js-서버-개발,프로그래밍 - 모바일 프로그래밍,['아쉬운 부분은 음..전체적으로 수업이 혼자서 진행하는 형식같고.. 좀더 어떻게 흘러가는지랑 확대하는 기능들을 많이 사용했으면 하네요..글씨도 작고..혼자 후루룩 나가버려서 아쉽네요..뭐가 뭔지도 잘 모르겠어요..ㅜㅜ']
367,안드로이드 앱 개발 강의 - 기초편,무료,하울의 코딩 채널,https://edu.goorm.io/lecture/3523/안드로이드-앱-개발-강의-기초편,프로그래밍 - 모바일 프로그래밍,['처음엔 너무 생소했으나 차차 적응되어 잘 배우고 있고\n설명 좋게 들었습니다']
368,Swift3 아이폰 앱 강의-초보,무료,하울의 코딩 채널,https://edu.goorm.io/lecture/3527/swift3-아이폰-앱-강의-초보,프로그래밍 - 모바일 프로그래밍,['이번에 새롭게 아이폰 swift 강의 듣고 있습니다']
369,C 프로그래밍 - 입문에서 게임 개발까지,무료,나도코딩,https://edu.goorm.io/lecture/1972/c-프로그래밍-입문에서-게임-개발까지,프로그래밍 - 프로그래밍 기초,['쉽게 설명해주셔서 좋아요']
370,스크래치3 프로그래밍 - 기초부터 게임 만들기까지!,무료,구름,https://edu.goorm.io/lecture/1478/스크래치3-프로그래밍-기초부터-게임-만들기까지,프로그래밍 - 블록 프로그래밍,['쉬워서 이해가 잘되요!']
371,한 눈에 끝내는 파이썬3 기초,"₩99,000",구름,https://edu.goorm.io/lecture/3493/한-눈에-끝내는-파이썬3-기초,프로그래밍 - 프로그래밍 기초,['오랜만에 프로그래밍을 하는데 복습하기에 난이도가 매우 적합하고 처음 입문하는 입문자들에게도 적당한 난이도임.\n프로젝트 파트는 해설까지 있어 어려움을 겪는 사람에게 도움이 되어 좋다고 생각함']
372,엔트리 기초부터 활용까지 정글코딩!,무료,정글코딩,https://edu.goorm.io/lecture/2164/엔트리-기초부터-활용까지-정글코딩,프로그래밍 - 블록 프로그래밍,[]
373,[PYCON2017 시리즈] 머신러닝을 위한 기초 수학 살펴보기,무료,MinJae Kwon,https://edu.goorm.io/lecture/1489/pycon2017-시리즈-머신러닝을-위한-기초-수학-살펴보기,프로그래밍 - 프로그래밍 교양,['excellent']
374,[PYCON2017 시리즈] 파이썬에서 보다 정확한 숫자 계산하기,무료,leehosung,https://edu.goorm.io/lecture/1488/pycon2017-시리즈-파이썬에서-보다-정확한-숫자-계산하기,프로그래밍 - 프로그래밍 교양,['설명이 좋은 것 같아요']
375,[PYCON2017 시리즈] 처음부터 알아보는 웹 크롤러,무료,Lee Junbum,https://edu.goorm.io/lecture/1487/pycon2017-시리즈-처음부터-알아보는-웹-크롤러,프로그래밍 - 프로그래밍 교양,"['실습 코드가 제대로 돌아가지 않는데, 왜인지 모르겠네요.\n수정되었다고 하셔서 계속 해봤지만 돌아가질 않아 일단 개념만 넣는 느낌으로 학습하고 있습니다!']"
376,실리콘밸리의 개발자,무료,구름,https://edu.goorm.io/lecture/1490/실리콘밸리의-개발자,프로그래밍 - 프로그래밍 교양,['.']
377,김왼손의 미운코딩새끼: 4시간만에 끝내는 파이썬 기초,무료,김왼손의 왼손코딩,https://edu.goorm.io/lecture/1461/김왼손의-미운코딩새끼-4시간만에-끝내는-파이썬-기초,프로그래밍 - 프로그래밍 기초,"['급하게 기초 파이썬을 필요로 해서 자료를 찾아다녔는데, 정말 쉽고 간단하게 설명해서 좋았습니다. 덕분에 기초지만 하루컷 할 수 있었네요.']"
378,엔트리 프로그래밍 - 기초부터 게임 만들기까지!,무료,구름,https://edu.goorm.io/lecture/1361/엔트리-프로그래밍-기초부터-게임-만들기까지,프로그래밍 - 블록 프로그래밍,['재미있고 흥미를 느꼈어요']
379,실전 유형 코딩 테스트 모의고사 - 시즌3,"₩80,000",구름,https://edu.goorm.io/lecture/1271/실전-유형-코딩-테스트-모의고사-시즌3,프로그래밍 - 알고리즘,[' ']
380,실전 유형 코딩 테스트 모의고사 - 시즌2,"₩100,000",구름,https://edu.goorm.io/lecture/1239/실전-유형-코딩-테스트-모의고사-시즌2,프로그래밍 - 알고리즘,['ㅍ']
381,실전 유형 코딩 테스트 모의고사 - 시즌4,"₩100,000",구름,https://edu.goorm.io/lecture/1193/실전-유형-코딩-테스트-모의고사-시즌4,프로그래밍 - 알고리즘,['도움되요']
382,야곰의 스위프트 프로그래밍,무료,야곰,https://edu.goorm.io/lecture/1141/야곰의-스위프트-프로그래밍,프로그래밍 - 프로그래밍 기초,['기초를 잡기좋아요']
383,실전 유형 코딩 테스트 모의고사 - 시즌1,"₩100,000",구름,https://edu.goorm.io/lecture/970/실전-유형-코딩-테스트-모의고사-시즌1,프로그래밍 - 알고리즘,['온라인 코딩 테스트 막연했는데 많은 도움받았습니다.']
384,[바로실습] 생활코딩 - 자바(JAVA),무료,생활코딩,https://edu.goorm.io/lecture/41/바로실습-생활코딩-자바-java,프로그래밍 - 프로그래밍 기초,['완벽합니다.']
385,TODO 앱을 직접 만들면서 배우는 node.js / express / bootstrap / jquery,무료,구름,https://edu.goorm.io/lecture/332/todo-앱을-직접-만들면서-배우는-node-js-express-bootstrap-jquery,웹 프로그래밍 - 프로그래밍,['좋아요']
386,PYCON 2017 영코더,무료,구름,https://edu.goorm.io/lecture/787/pycon-2017-영코더,프로그래밍 - 프로그래밍 교양,['수료증 어디서 얻나요?']
387,제1회 구름코드챌린지(GCC) 기출 문제,무료,구름,https://edu.goorm.io/lecture/790/제1회-구름코드챌린지-gcc-기출-문제,프로그래밍 - 프로그래밍 교양,[]
388,[바로실습] 생활코딩 - 파이썬(Python),무료,생활코딩,https://edu.goorm.io/lecture/44/바로실습-생활코딩-파이썬-python,프로그래밍 - 프로그래밍 기초,['굿']
389,한 눈에 끝내는 아두이노 기초,무료,구름,https://edu.goorm.io/lecture/203/한-눈에-끝내는-아두이노-기초,프로그래밍 - IoT,['기대되는 강좌입니다.']
390,10주 완성 알고리즘 코딩테스트,"₩200,000",코딩몬스터,https://edu.goorm.io/lecture/554/10주-완성-알고리즘-코딩테스트,프로그래밍 - 알고리즘,['이해하기 쉬워요! ']
391,한 눈에 끝내는 C언어 기초,무료,구름,https://edu.goorm.io/lecture/201/한-눈에-끝내는-c언어-기초,프로그래밍 - 프로그래밍 기초,['Good']
